Unnamed: 0,created_at,text,text_token,text_token_s,text_si,text_sil
0,2022-11-15 14:26:03+00:00,"wired
easy to set up. snappy interface. great remote. supports nearly every streaming service. can pair with two pairs of airpods for quiet viewing. 

tired
pricier than peers. not as great if youâ€™re not in appleâ€™s ecosystem. https://t.co/u9ef0ieji4","['wired', 'easy', 'to', 'set', 'up', 'snappy', 'interface', 'great', 'remote', 'supports', 'nearly', 'every', 'streaming', 'service', 'can', 'pair', 'with', 'two', 'pairs', 'of', 'airpods', 'for', 'quiet', 'viewing', 'tired', 'pricier', 'than', 'peers', 'not', 'as', 'great', 'if', 'you', 're', 'not', 'in', 'apple', 's', 'ecosystem', 'https', 't', 'co', 'u9ef0ieji4']","['wired', 'easy', 'set', 'snappy', 'interface', 'great', 'remote', 'supports', 'nearly', 'every', 'streaming', 'service', 'pair', 'two', 'pairs', 'airpods', 'quiet', 'viewing', 'tired', 'pricier', 'peers', 'great', 'apple', 'ecosystem', 'u9ef0ieji4']",wired easy set snappy interface great remote supports nearly every streaming service pair two pairs airpods quiet viewing tired pricier peers great apple ecosystem u9ef0ieji4,wired easy set snappy interface great remote supports nearly every streaming service pair two pairs airpods quiet viewing tired pricier peers great apple ecosystem u9ef0ieji4
1,2022-11-15 14:06:05+00:00,"larp, short for live action role playing, might sound like fun. but it has the power to transform people's real lives. https://t.co/kecba3mkg9","['larp', 'short', 'for', 'live', 'action', 'role', 'playing', 'might', 'sound', 'like', 'fun', 'but', 'it', 'has', 'the', 'power', 'to', 'transform', 'people', 's', 'real', 'lives', 'https', 't', 'co', 'kecba3mkg9']","['larp', 'short', 'live', 'action', 'role', 'playing', 'might', 'sound', 'like', 'fun', 'power', 'transform', 'people', 'real', 'lives', 'kecba3mkg9']",larp short live action role playing might sound like fun power transform people real lives kecba3mkg9,larp short live action role playing might sound like fun power transform people real lives kecba3mkg9
2,2022-11-15 13:36:02+00:00,"wiredâ€™s editor in chief gideon lichfield mulls what lies in store for elon musk and sam bankman-fried, plus more thoughts on the past weekâ€™s headlines. https://t.co/cppftwoidi","['wired', 's', 'editor', 'in', 'chief', 'gideon', 'lichfield', 'mulls', 'what', 'lies', 'in', 'store', 'for', 'elon', 'musk', 'and', 'sam', 'bankman', 'fried', 'plus', 'more', 'thoughts', 'on', 'the', 'past', 'week', 's', 'headlines', 'https', 't', 'co', 'cppftwoidi']","['wired', 'editor', 'chief', 'gideon', 'lichfield', 'mulls', 'lies', 'store', 'elon', 'musk', 'sam', 'bankman', 'fried', 'plus', 'thoughts', 'past', 'week', 'headlines', 'cppftwoidi']",wired editor chief gideon lichfield mulls lies store elon musk sam bankman fried plus thoughts past week headlines cppftwoidi,wired editor chief gideon lichfield mulls lies store elon musk sam bankman fried plus thoughts past week headlines cppftwoidi
3,2022-11-15 13:01:01+00:00,"can you guess what this is? this unbelievable photo is actually the unburned particles of carbon released when the hydrocarbon chain of candle wax breaks down. it placed in the top 10 in this year's small world photomicrography competition.

ðŸ“¸: ole bielfeldt https://t.co/cflwofwgwk","['can', 'you', 'guess', 'what', 'this', 'is', 'this', 'unbelievable', 'photo', 'is', 'actually', 'the', 'unburned', 'particles', 'of', 'carbon', 'released', 'when', 'the', 'hydrocarbon', 'chain', 'of', 'candle', 'wax', 'breaks', 'down', 'it', 'placed', 'in', 'the', 'top', '10', 'in', 'this', 'year', 's', 'small', 'world', 'photomicrography', 'competition', 'ole', 'bielfeldt', 'https', 't', 'co', 'cflwofwgwk']","['guess', 'unbelievable', 'photo', 'actually', 'unburned', 'particles', 'carbon', 'released', 'hydrocarbon', 'chain', 'candle', 'wax', 'breaks', 'placed', 'top', '10', 'year', 'small', 'world', 'photomicrography', 'competition', 'ole', 'bielfeldt', 'cflwofwgwk']",guess unbelievable photo actually unburned particles carbon released hydrocarbon chain candle wax breaks placed top year small world photomicrography competition ole bielfeldt cflwofwgwk,guess unbelievable photo actually unburned particles carbon released hydrocarbon chain candle wax breaks placed top year small world photomicrography competition ole bielfeldt cflwofwgwk
4,2022-11-15 12:05:27+00:00,"europeâ€™s cities are growing denser once moreâ€”and providing a potential boon for the environment and our well-being in the process. american cities, take note. via @wireduk https://t.co/snonaib9a1","['europe', 's', 'cities', 'are', 'growing', 'denser', 'once', 'more', 'and', 'providing', 'a', 'potential', 'boon', 'for', 'the', 'environment', 'and', 'our', 'well', 'being', 'in', 'the', 'process', 'american', 'cities', 'take', 'note', 'via', 'wireduk', 'https', 't', 'co', 'snonaib9a1']","['europe', 'cities', 'growing', 'denser', 'providing', 'potential', 'boon', 'environment', 'well', 'process', 'american', 'cities', 'take', 'note', 'via', 'wireduk', 'snonaib9a1']",europe cities growing denser providing potential boon environment well process american cities take note via wireduk snonaib9a1,europe cities growing denser providing potential boon environment well process american cities take note via wireduk snonaib9a1
5,2022-11-15 11:29:05+00:00,"itâ€™s the most stressful time of the year, so do yourself a favor and buy those holiday gifts early.  

from a tricked-out ebike to speakers that sound like a dream, these are all the presents youâ€™ll need to supercharge the holidays. https://t.co/ugte8z4wfx","['it', 's', 'the', 'most', 'stressful', 'time', 'of', 'the', 'year', 'so', 'do', 'yourself', 'a', 'favor', 'and', 'buy', 'those', 'holiday', 'gifts', 'early', 'from', 'a', 'tricked', 'out', 'ebike', 'to', 'speakers', 'that', 'sound', 'like', 'a', 'dream', 'these', 'are', 'all', 'the', 'presents', 'you', 'll', 'need', 'to', 'supercharge', 'the', 'holidays', 'https', 't', 'co', 'ugte8z4wfx']","['stressful', 'time', 'year', 'favor', 'buy', 'holiday', 'gifts', 'early', 'tricked', 'ebike', 'speakers', 'sound', 'like', 'dream', 'presents', 'need', 'supercharge', 'holidays', 'ugte8z4wfx']",stressful time year favor buy holiday gifts early tricked ebike speakers sound like dream presents need supercharge holidays ugte8z4wfx,stressful time year favor buy holiday gifts early tricked ebike speakers sound like dream presents need supercharge holidays ugte8z4wfx
6,2022-11-15 11:04:37+00:00,"in part 4 of @a_greenbergâ€™s series, the team uses a secret technique to locate alphabayâ€™s server. but just as the operation heats up, the agents have an unexpected run-in with their target.  https://t.co/j80mga7n8q","['in', 'part', '4', 'of', 'a_greenberg', 's', 'series', 'the', 'team', 'uses', 'a', 'secret', 'technique', 'to', 'locate', 'alphabay', 's', 'server', 'but', 'just', 'as', 'the', 'operation', 'heats', 'up', 'the', 'agents', 'have', 'an', 'unexpected', 'run', 'in', 'with', 'their', 'target', 'https', 't', 'co', 'j80mga7n8q']","['part', '4', 'a_greenberg', 'series', 'team', 'uses', 'secret', 'technique', 'locate', 'alphabay', 'server', 'operation', 'heats', 'agents', 'unexpected', 'run', 'target', 'j80mga7n8q']",part a_greenberg series team uses secret technique locate alphabay server operation heats agents unexpected run target j80mga7n8q,part a_greenberg series team uses secret technique locate alphabay server operation heats agents unexpected run target j80mga7n8q
7,2022-11-15 10:07:03+00:00,"dive into 2023 with predictions from jennifer doudna, ellen macarthur and more. the wired world 2023 is your exclusive guide to the year ahead. 

click here to grab your copy: https://t.co/iuvpyqe2mc

ðŸŽ¨: oliver hazelwood https://t.co/vok7tacusf","['dive', 'into', '2023', 'with', 'predictions', 'from', 'jennifer', 'doudna', 'ellen', 'macarthur', 'and', 'more', 'the', 'wired', 'world', '2023', 'is', 'your', 'exclusive', 'guide', 'to', 'the', 'year', 'ahead', 'click', 'here', 'to', 'grab', 'your', 'copy', 'https', 't', 'co', 'iuvpyqe2mc', 'oliver', 'hazelwood', 'https', 't', 'co', 'vok7tacusf']","['dive', '2023', 'predictions', 'jennifer', 'doudna', 'ellen', 'macarthur', 'wired', 'world', '2023', 'exclusive', 'guide', 'year', 'ahead', 'click', 'grab', 'copy', 'iuvpyqe2mc', 'oliver', 'hazelwood', 'vok7tacusf']",dive 2023 predictions jennifer doudna ellen macarthur wired world 2023 exclusive guide year ahead click grab copy iuvpyqe2mc oliver hazelwood vok7tacusf,dive 2023 predictions jennifer doudna ellen macarthur wired world 2023 exclusive guide year ahead click grab copy iuvpyqe2mc oliver hazelwood vok7tacusf
8,2022-11-15 09:00:50+00:00,"a growing movement to write software in a language called rust is gaining momentum because the code is goof-proof in an important way: https://t.co/cufmvxui6a

ðŸŽ¨ : jacqui vanliew https://t.co/bdxmia0qjw","['a', 'growing', 'movement', 'to', 'write', 'software', 'in', 'a', 'language', 'called', 'rust', 'is', 'gaining', 'momentum', 'because', 'the', 'code', 'is', 'goof', 'proof', 'in', 'an', 'important', 'way', 'https', 't', 'co', 'cufmvxui6a', 'jacqui', 'vanliew', 'https', 't', 'co', 'bdxmia0qjw']","['growing', 'movement', 'write', 'software', 'language', 'called', 'rust', 'gaining', 'momentum', 'code', 'goof', 'proof', 'important', 'way', 'cufmvxui6a', 'jacqui', 'vanliew', 'bdxmia0qjw']",growing movement write software language called rust gaining momentum code goof proof important way cufmvxui6a jacqui vanliew bdxmia0qjw,growing movement write software language called rust gaining momentum code goof proof important way cufmvxui6a jacqui vanliew bdxmia0qjw
9,2022-11-15 08:35:17+00:00,"""you get what you pay for"" is a beguiling phrase. it's also not always true. (from 2021) https://t.co/xmktsakhoq","['you', 'get', 'what', 'you', 'pay', 'for', 'is', 'a', 'beguiling', 'phrase', 'it', 's', 'also', 'not', 'always', 'true', 'from', '2021', 'https', 't', 'co', 'xmktsakhoq']","['get', 'pay', 'beguiling', 'phrase', 'also', 'always', 'true', '2021', 'xmktsakhoq']",get pay beguiling phrase also always true 2021 xmktsakhoq,get pay beguiling phrase also always true 2021 xmktsakhoq
10,2022-11-15 07:35:49+00:00,"no, they're not day-trading doge on robinhood. https://t.co/sh0x0jg2vq","['no', 'they', 're', 'not', 'day', 'trading', 'doge', 'on', 'robinhood', 'https', 't', 'co', 'sh0x0jg2vq']","['day', 'trading', 'doge', 'robinhood', 'sh0x0jg2vq']",day trading doge robinhood sh0x0jg2vq,day trading doge robinhood sh0x0jg2vq
11,2022-11-15 07:00:00+00:00,"who hasn't created a silly username as a teen? but only arun maini, better known as @mrwhosetheboss, gained 12 million subscribers and now has to answer our questions about said username in his wired autocomplete interview: https://t.co/ofdmkssxzw","['who', 'hasn', 't', 'created', 'a', 'silly', 'username', 'as', 'a', 'teen', 'but', 'only', 'arun', 'maini', 'better', 'known', 'as', 'mrwhosetheboss', 'gained', '12', 'million', 'subscribers', 'and', 'now', 'has', 'to', 'answer', 'our', 'questions', 'about', 'said', 'username', 'in', 'his', 'wired', 'autocomplete', 'interview', 'https', 't', 'co', 'ofdmkssxzw']","['created', 'silly', 'username', 'teen', 'arun', 'maini', 'better', 'known', 'mrwhosetheboss', 'gained', '12', 'million', 'subscribers', 'answer', 'questions', 'said', 'username', 'wired', 'autocomplete', 'interview', 'ofdmkssxzw']",created silly username teen arun maini better known mrwhosetheboss gained million subscribers answer questions said username wired autocomplete interview ofdmkssxzw,created silly username teen arun maini better known mrwhosetheboss gained million subscribers answer questions said username wired autocomplete interview ofdmkssxzw
12,2022-11-15 06:36:04+00:00,"what's really going on with the mysterious ""no-vid""?  https://t.co/uawabq8txn","['what', 's', 'really', 'going', 'on', 'with', 'the', 'mysterious', 'no', 'vid', 'https', 't', 'co', 'uawabq8txn']","['really', 'going', 'mysterious', 'vid', 'uawabq8txn']",really going mysterious vid uawabq8txn,really going mysterious vid uawabq8txn
13,2022-11-15 05:37:06+00:00,"the tragrdy of alan moore, if there is one, is that his 1980s comics workâ€”watchmen, v for vendettaâ€”has been perpetually misunderstood by an audience too eager to learn the wrong lessons. https://t.co/dag1dezoli","['the', 'tragrdy', 'of', 'alan', 'moore', 'if', 'there', 'is', 'one', 'is', 'that', 'his', '1980s', 'comics', 'work', 'watchmen', 'v', 'for', 'vendetta', 'has', 'been', 'perpetually', 'misunderstood', 'by', 'an', 'audience', 'too', 'eager', 'to', 'learn', 'the', 'wrong', 'lessons', 'https', 't', 'co', 'dag1dezoli']","['tragrdy', 'alan', 'moore', 'one', '1980s', 'comics', 'work', 'watchmen', 'v', 'vendetta', 'perpetually', 'misunderstood', 'audience', 'eager', 'learn', 'wrong', 'lessons', 'dag1dezoli']",tragrdy alan moore one 1980s comics work watchmen vendetta perpetually misunderstood audience eager learn wrong lessons dag1dezoli,tragrdy alan moore one 1980s comics work watchmen vendetta perpetually misunderstood audience eager learn wrong lessons dag1dezoli
14,2022-11-15 04:35:57+00:00,"as twitter has a public meltdown, mastodon is having a quieter one. via @wireduk https://t.co/7qm6idh0ye","['as', 'twitter', 'has', 'a', 'public', 'meltdown', 'mastodon', 'is', 'having', 'a', 'quieter', 'one', 'via', 'wireduk', 'https', 't', 'co', '7qm6idh0ye']","['twitter', 'public', 'meltdown', 'mastodon', 'quieter', 'one', 'via', 'wireduk', '7qm6idh0ye']",twitter public meltdown mastodon quieter one via wireduk 7qm6idh0ye,twitter public meltdown mastodon quieter one via wireduk 7qm6idh0ye
15,2022-11-15 03:36:44+00:00,"r.i.p. the revolutionary internet, 1997â€“2022. https://t.co/vlnevp5qnb","['r', 'i', 'p', 'the', 'revolutionary', 'internet', '1997', '2022', 'https', 't', 'co', 'vlnevp5qnb']","['r', 'p', 'revolutionary', 'internet', '1997', '2022', 'vlnevp5qnb']",revolutionary internet 1997 2022 vlnevp5qnb,revolutionary internet 1997 2022 vlnevp5qnb
16,2022-11-15 02:47:28+00:00,"knowing why you ""revenge procrastinate"" can help you get out of this vicious cycle. (from 2021) https://t.co/ih6vpcebxa","['knowing', 'why', 'you', 'revenge', 'procrastinate', 'can', 'help', 'you', 'get', 'out', 'of', 'this', 'vicious', 'cycle', 'from', '2021', 'https', 't', 'co', 'ih6vpcebxa']","['knowing', 'revenge', 'procrastinate', 'help', 'get', 'vicious', 'cycle', '2021', 'ih6vpcebxa']",knowing revenge procrastinate help get vicious cycle 2021 ih6vpcebxa,knowing revenge procrastinate help get vicious cycle 2021 ih6vpcebxa
17,2022-11-15 02:00:22+00:00,"glitchy sms two-factor codes mean that users could get locked out of their accounts, be unable to make changes to their security settings, or lose control of them. https://t.co/zfszf5fwem","['glitchy', 'sms', 'two', 'factor', 'codes', 'mean', 'that', 'users', 'could', 'get', 'locked', 'out', 'of', 'their', 'accounts', 'be', 'unable', 'to', 'make', 'changes', 'to', 'their', 'security', 'settings', 'or', 'lose', 'control', 'of', 'them', 'https', 't', 'co', 'zfszf5fwem']","['glitchy', 'sms', 'two', 'factor', 'codes', 'mean', 'users', 'could', 'get', 'locked', 'accounts', 'unable', 'make', 'changes', 'security', 'settings', 'lose', 'control', 'zfszf5fwem']",glitchy sms two factor codes mean users could get locked accounts unable make changes security settings lose control zfszf5fwem,glitchy sms two factor codes mean users could get locked accounts unable make changes security settings lose control zfszf5fwem
18,2022-11-15 01:33:07+00:00,"whether charging your new phone or slipping on a pair of earbuds for your morning commute, most of us use wireless gadgets. but you might want to think twice when it comes to your gaming headset. https://t.co/tpecmth4sn","['whether', 'charging', 'your', 'new', 'phone', 'or', 'slipping', 'on', 'a', 'pair', 'of', 'earbuds', 'for', 'your', 'morning', 'commute', 'most', 'of', 'us', 'use', 'wireless', 'gadgets', 'but', 'you', 'might', 'want', 'to', 'think', 'twice', 'when', 'it', 'comes', 'to', 'your', 'gaming', 'headset', 'https', 't', 'co', 'tpecmth4sn']","['whether', 'charging', 'new', 'phone', 'slipping', 'pair', 'earbuds', 'morning', 'commute', 'us', 'use', 'wireless', 'gadgets', 'might', 'want', 'think', 'twice', 'comes', 'gaming', 'headset', 'tpecmth4sn']",whether charging new phone slipping pair earbuds morning commute use wireless gadgets might want think twice comes gaming headset tpecmth4sn,whether charging new phone slipping pair earbuds morning commute use wireless gadgets might want think twice comes gaming headset tpecmth4sn
19,2022-11-15 01:00:31+00:00,"many people havenâ€™t been exposed to common respiratory viruses following the pandemic, meaning they might be more vulnerable to getting ill this year: https://t.co/aevydtsgts https://t.co/p2ycvhr9ky","['many', 'people', 'haven', 't', 'been', 'exposed', 'to', 'common', 'respiratory', 'viruses', 'following', 'the', 'pandemic', 'meaning', 'they', 'might', 'be', 'more', 'vulnerable', 'to', 'getting', 'ill', 'this', 'year', 'https', 't', 'co', 'aevydtsgts', 'https', 't', 'co', 'p2ycvhr9ky']","['many', 'people', 'exposed', 'common', 'respiratory', 'viruses', 'following', 'pandemic', 'meaning', 'might', 'vulnerable', 'getting', 'ill', 'year', 'aevydtsgts', 'p2ycvhr9ky']",many people exposed common respiratory viruses following pandemic meaning might vulnerable getting ill year aevydtsgts p2ycvhr9ky,many people exposed common respiratory viruses following pandemic meaning might vulnerable getting ill year aevydtsgts p2ycvhr9ky
20,2022-11-15 00:33:03+00:00,"here are the best speakers for discerning young audiophiles who prefer the earlier kidz bop records, before they got ""too commercial.""  https://t.co/2hxodizvdr","['here', 'are', 'the', 'best', 'speakers', 'for', 'discerning', 'young', 'audiophiles', 'who', 'prefer', 'the', 'earlier', 'kidz', 'bop', 'records', 'before', 'they', 'got', 'too', 'commercial', 'https', 't', 'co', '2hxodizvdr']","['best', 'speakers', 'discerning', 'young', 'audiophiles', 'prefer', 'earlier', 'kidz', 'bop', 'records', 'got', 'commercial', '2hxodizvdr']",best speakers discerning young audiophiles prefer earlier kidz bop records got commercial 2hxodizvdr,best speakers discerning young audiophiles prefer earlier kidz bop records got commercial 2hxodizvdr
21,2022-11-15 00:02:04+00:00,"people working to improve diversity in tech are worried that companies looking to cut costs may end up undoing the modest progress they have made toward diversifying their workforces through hiring more women, lgbtq people, and people of color. https://t.co/y7gxafvtqp","['people', 'working', 'to', 'improve', 'diversity', 'in', 'tech', 'are', 'worried', 'that', 'companies', 'looking', 'to', 'cut', 'costs', 'may', 'end', 'up', 'undoing', 'the', 'modest', 'progress', 'they', 'have', 'made', 'toward', 'diversifying', 'their', 'workforces', 'through', 'hiring', 'more', 'women', 'lgbtq', 'people', 'and', 'people', 'of', 'color', 'https', 't', 'co', 'y7gxafvtqp']","['people', 'working', 'improve', 'diversity', 'tech', 'worried', 'companies', 'looking', 'cut', 'costs', 'may', 'end', 'undoing', 'modest', 'progress', 'made', 'toward', 'diversifying', 'workforces', 'hiring', 'women', 'lgbtq', 'people', 'people', 'color', 'y7gxafvtqp']",people working improve diversity tech worried companies looking cut costs may end undoing modest progress made toward diversifying workforces hiring women lgbtq people people color y7gxafvtqp,people working improve diversity tech worried companies looking cut costs may end undoing modest progress made toward diversifying workforces hiring women lgbtq people people color y7gxafvtqp
22,2022-11-14 23:33:01+00:00,you have lots of options to choose from. https://t.co/dogfihculx,"['you', 'have', 'lots', 'of', 'options', 'to', 'choose', 'from', 'https', 't', 'co', 'dogfihculx']","['lots', 'options', 'choose', 'dogfihculx']",lots options choose dogfihculx,lots options choose dogfihculx
23,2022-11-14 23:04:04+00:00,"wired
impressive and convincing spread of sound. strikingly individual looks. innovative technology.

tired
overconfident low frequencies. restricted and apple-centric functionality. limited control app. https://t.co/u7ip3xuyvc","['wired', 'impressive', 'and', 'convincing', 'spread', 'of', 'sound', 'strikingly', 'individual', 'looks', 'innovative', 'technology', 'tired', 'overconfident', 'low', 'frequencies', 'restricted', 'and', 'apple', 'centric', 'functionality', 'limited', 'control', 'app', 'https', 't', 'co', 'u7ip3xuyvc']","['wired', 'impressive', 'convincing', 'spread', 'sound', 'strikingly', 'individual', 'looks', 'innovative', 'technology', 'tired', 'overconfident', 'low', 'frequencies', 'restricted', 'apple', 'centric', 'functionality', 'limited', 'control', 'app', 'u7ip3xuyvc']",wired impressive convincing spread sound strikingly individual looks innovative technology tired overconfident low frequencies restricted apple centric functionality limited control app u7ip3xuyvc,wired impressive convincing spread sound strikingly individual looks innovative technology tired overconfident low frequencies restricted apple centric functionality limited control app u7ip3xuyvc
24,2022-11-14 22:33:05+00:00,you have lots of options to choose from. https://t.co/anhyxdxk9t,"['you', 'have', 'lots', 'of', 'options', 'to', 'choose', 'from', 'https', 't', 'co', 'anhyxdxk9t']","['lots', 'options', 'choose', 'anhyxdxk9t']",lots options choose anhyxdxk9t,lots options choose anhyxdxk9t
25,2022-11-14 22:03:06+00:00,"if there's also a former professional or dedicated amateur chef in your life who can't let anyone nearby go hungry, we have some of our favorite gift ideas here. https://t.co/pyihn9xqmm","['if', 'there', 's', 'also', 'a', 'former', 'professional', 'or', 'dedicated', 'amateur', 'chef', 'in', 'your', 'life', 'who', 'can', 't', 'let', 'anyone', 'nearby', 'go', 'hungry', 'we', 'have', 'some', 'of', 'our', 'favorite', 'gift', 'ideas', 'here', 'https', 't', 'co', 'pyihn9xqmm']","['also', 'former', 'professional', 'dedicated', 'amateur', 'chef', 'life', 'let', 'anyone', 'nearby', 'go', 'hungry', 'favorite', 'gift', 'ideas', 'pyihn9xqmm']",also former professional dedicated amateur chef life let anyone nearby hungry favorite gift ideas pyihn9xqmm,also former professional dedicated amateur chef life let anyone nearby hungry favorite gift ideas pyihn9xqmm
26,2022-11-14 21:33:06+00:00,"in a new paper in the journal nature communications engineering, a team of researchers describe how they used ordinary smartphones in passing cars to accurately estimate the modal frequency of the golden gate bridge. https://t.co/opa0tsplpe","['in', 'a', 'new', 'paper', 'in', 'the', 'journal', 'nature', 'communications', 'engineering', 'a', 'team', 'of', 'researchers', 'describe', 'how', 'they', 'used', 'ordinary', 'smartphones', 'in', 'passing', 'cars', 'to', 'accurately', 'estimate', 'the', 'modal', 'frequency', 'of', 'the', 'golden', 'gate', 'bridge', 'https', 't', 'co', 'opa0tsplpe']","['new', 'paper', 'journal', 'nature', 'communications', 'engineering', 'team', 'researchers', 'describe', 'used', 'ordinary', 'smartphones', 'passing', 'cars', 'accurately', 'estimate', 'modal', 'frequency', 'golden', 'gate', 'bridge', 'opa0tsplpe']",new paper journal nature communications engineering team researchers describe used ordinary smartphones passing cars accurately estimate modal frequency golden gate bridge opa0tsplpe,new paper journal nature communications engineering team researchers describe used ordinary smartphones passing cars accurately estimate modal frequency golden gate bridge opa0tsplpe
27,2022-11-14 21:05:22+00:00,"as tech slips into a historic freefall, one has to wonder what went wrong with the powerful promise of the internet: https://t.co/nw1rhbihbv

ðŸŽ¨: elena lacey https://t.co/dxfjqbxgvq","['as', 'tech', 'slips', 'into', 'a', 'historic', 'freefall', 'one', 'has', 'to', 'wonder', 'what', 'went', 'wrong', 'with', 'the', 'powerful', 'promise', 'of', 'the', 'internet', 'https', 't', 'co', 'nw1rhbihbv', 'elena', 'lacey', 'https', 't', 'co', 'dxfjqbxgvq']","['tech', 'slips', 'historic', 'freefall', 'one', 'wonder', 'went', 'wrong', 'powerful', 'promise', 'internet', 'nw1rhbihbv', 'elena', 'lacey', 'dxfjqbxgvq']",tech slips historic freefall one wonder went wrong powerful promise internet nw1rhbihbv elena lacey dxfjqbxgvq,tech slips historic freefall one wonder went wrong powerful promise internet nw1rhbihbv elena lacey dxfjqbxgvq
28,2022-11-14 20:32:05+00:00,"wired
simple to use. speedy and accurate test results. future potential for other kinds of tests. travel friendly. rechargeable. 

tired
crazy expensive. requires app. https://t.co/cbppabewo1","['wired', 'simple', 'to', 'use', 'speedy', 'and', 'accurate', 'test', 'results', 'future', 'potential', 'for', 'other', 'kinds', 'of', 'tests', 'travel', 'friendly', 'rechargeable', 'tired', 'crazy', 'expensive', 'requires', 'app', 'https', 't', 'co', 'cbppabewo1']","['wired', 'simple', 'use', 'speedy', 'accurate', 'test', 'results', 'future', 'potential', 'kinds', 'tests', 'travel', 'friendly', 'rechargeable', 'tired', 'crazy', 'expensive', 'requires', 'app', 'cbppabewo1']",wired simple use speedy accurate test results future potential kinds tests travel friendly rechargeable tired crazy expensive requires app cbppabewo1,wired simple use speedy accurate test results future potential kinds tests travel friendly rechargeable tired crazy expensive requires app cbppabewo1
29,2022-11-14 20:05:04+00:00,an electric bicycle is a perfect gift for the active elder in your life. but do your homework before plugging into the trend. https://t.co/3tkcqfg5cx,"['an', 'electric', 'bicycle', 'is', 'a', 'perfect', 'gift', 'for', 'the', 'active', 'elder', 'in', 'your', 'life', 'but', 'do', 'your', 'homework', 'before', 'plugging', 'into', 'the', 'trend', 'https', 't', 'co', '3tkcqfg5cx']","['electric', 'bicycle', 'perfect', 'gift', 'active', 'elder', 'life', 'homework', 'plugging', 'trend', '3tkcqfg5cx']",electric bicycle perfect gift active elder life homework plugging trend 3tkcqfg5cx,electric bicycle perfect gift active elder life homework plugging trend 3tkcqfg5cx
30,2022-11-14 19:33:03+00:00,"the brandâ€™s first virtual collection will launch on swoosh in january 2023, shaped through activities such as interactive voting. but before would-be sneaker designers get too excited, details on just how this creator economy will workare extremely vague. https://t.co/od83mbmxcn","['the', 'brand', 's', 'first', 'virtual', 'collection', 'will', 'launch', 'on', 'swoosh', 'in', 'january', '2023', 'shaped', 'through', 'activities', 'such', 'as', 'interactive', 'voting', 'but', 'before', 'would', 'be', 'sneaker', 'designers', 'get', 'too', 'excited', 'details', 'on', 'just', 'how', 'this', 'creator', 'economy', 'will', 'workare', 'extremely', 'vague', 'https', 't', 'co', 'od83mbmxcn']","['brand', 'first', 'virtual', 'collection', 'launch', 'swoosh', 'january', '2023', 'shaped', 'activities', 'interactive', 'voting', 'would', 'sneaker', 'designers', 'get', 'excited', 'details', 'creator', 'economy', 'workare', 'extremely', 'vague', 'od83mbmxcn']",brand first virtual collection launch swoosh january 2023 shaped activities interactive voting would sneaker designers get excited details creator economy workare extremely vague od83mbmxcn,brand first virtual collection launch swoosh january 2023 shaped activities interactive voting would sneaker designers get excited details creator economy workare extremely vague od83mbmxcn
31,2022-11-14 19:00:01+00:00,"ice sculptor, shintaro okamoto, explains how you can create an angelfish design in increasing levels of complexity, from using simple hand tools to cnc machining the piece: https://t.co/uzexebqmk6","['ice', 'sculptor', 'shintaro', 'okamoto', 'explains', 'how', 'you', 'can', 'create', 'an', 'angelfish', 'design', 'in', 'increasing', 'levels', 'of', 'complexity', 'from', 'using', 'simple', 'hand', 'tools', 'to', 'cnc', 'machining', 'the', 'piece', 'https', 't', 'co', 'uzexebqmk6']","['ice', 'sculptor', 'shintaro', 'okamoto', 'explains', 'create', 'angelfish', 'design', 'increasing', 'levels', 'complexity', 'using', 'simple', 'hand', 'tools', 'cnc', 'machining', 'piece', 'uzexebqmk6']",ice sculptor shintaro okamoto explains create angelfish design increasing levels complexity using simple hand tools cnc machining piece uzexebqmk6,ice sculptor shintaro okamoto explains create angelfish design increasing levels complexity using simple hand tools cnc machining piece uzexebqmk6
32,2022-11-14 18:33:07+00:00,"if you place a hamster wheel outdoors in a natural setting, wild animals such as mice will come and run on it voluntarily. it suggests animals might just like the activity.(from 2014) via @wireduk https://t.co/zd1syrsqjn","['if', 'you', 'place', 'a', 'hamster', 'wheel', 'outdoors', 'in', 'a', 'natural', 'setting', 'wild', 'animals', 'such', 'as', 'mice', 'will', 'come', 'and', 'run', 'on', 'it', 'voluntarily', 'it', 'suggests', 'animals', 'might', 'just', 'like', 'the', 'activity', 'from', '2014', 'via', 'wireduk', 'https', 't', 'co', 'zd1syrsqjn']","['place', 'hamster', 'wheel', 'outdoors', 'natural', 'setting', 'wild', 'animals', 'mice', 'come', 'run', 'voluntarily', 'suggests', 'animals', 'might', 'like', 'activity', '2014', 'via', 'wireduk', 'zd1syrsqjn']",place hamster wheel outdoors natural setting wild animals mice come run voluntarily suggests animals might like activity 2014 via wireduk zd1syrsqjn,place hamster wheel outdoors natural setting wild animals mice come run voluntarily suggests animals might like activity 2014 via wireduk zd1syrsqjn
33,2022-11-14 18:02:03+00:00,"sustaining the recent biking blip might not only require a new way of thinking about space, but also rethinking the bike. https://t.co/n6bsxaywu2","['sustaining', 'the', 'recent', 'biking', 'blip', 'might', 'not', 'only', 'require', 'a', 'new', 'way', 'of', 'thinking', 'about', 'space', 'but', 'also', 'rethinking', 'the', 'bike', 'https', 't', 'co', 'n6bsxaywu2']","['sustaining', 'recent', 'biking', 'blip', 'might', 'require', 'new', 'way', 'thinking', 'space', 'also', 'rethinking', 'bike', 'n6bsxaywu2']",sustaining recent biking blip might require new way thinking space also rethinking bike n6bsxaywu2,sustaining recent biking blip might require new way thinking space also rethinking bike n6bsxaywu2
34,2022-11-14 17:36:04+00:00,finding the fountain of youth for dogs can also mean that humans are next. https://t.co/qb55uoejlh,"['finding', 'the', 'fountain', 'of', 'youth', 'for', 'dogs', 'can', 'also', 'mean', 'that', 'humans', 'are', 'next', 'https', 't', 'co', 'qb55uoejlh']","['finding', 'fountain', 'youth', 'dogs', 'also', 'mean', 'humans', 'next', 'qb55uoejlh']",finding fountain youth dogs also mean humans next qb55uoejlh,finding fountain youth dogs also mean humans next qb55uoejlh
35,2022-11-14 17:01:05+00:00,"companies primarily use tiktok to joke around, but this can cause problems when theyâ€™re faced with legitimate customer complaints. via @wireduk https://t.co/glddcauxtk","['companies', 'primarily', 'use', 'tiktok', 'to', 'joke', 'around', 'but', 'this', 'can', 'cause', 'problems', 'when', 'they', 're', 'faced', 'with', 'legitimate', 'customer', 'complaints', 'via', 'wireduk', 'https', 't', 'co', 'glddcauxtk']","['companies', 'primarily', 'use', 'tiktok', 'joke', 'around', 'cause', 'problems', 'faced', 'legitimate', 'customer', 'complaints', 'via', 'wireduk', 'glddcauxtk']",companies primarily use tiktok joke around cause problems faced legitimate customer complaints via wireduk glddcauxtk,companies primarily use tiktok joke around cause problems faced legitimate customer complaints via wireduk glddcauxtk
36,2022-11-14 17:00:02+00:00,jeff goldblum reviewing travel gadgets. that's it. that's the tweet. https://t.co/vkwzmbownv,"['jeff', 'goldblum', 'reviewing', 'travel', 'gadgets', 'that', 's', 'it', 'that', 's', 'the', 'tweet', 'https', 't', 'co', 'vkwzmbownv']","['jeff', 'goldblum', 'reviewing', 'travel', 'gadgets', 'tweet', 'vkwzmbownv']",jeff goldblum reviewing travel gadgets tweet vkwzmbownv,jeff goldblum reviewing travel gadgets tweet vkwzmbownv
37,2022-11-14 16:36:07+00:00,"people in toronto started noticing a series of six-foot-high celebrity portraits popping up around town, but there was something a little off about them. almost nobody guessed the truth about what it was. (from 2018)  https://t.co/iramkdvstb","['people', 'in', 'toronto', 'started', 'noticing', 'a', 'series', 'of', 'six', 'foot', 'high', 'celebrity', 'portraits', 'popping', 'up', 'around', 'town', 'but', 'there', 'was', 'something', 'a', 'little', 'off', 'about', 'them', 'almost', 'nobody', 'guessed', 'the', 'truth', 'about', 'what', 'it', 'was', 'from', '2018', 'https', 't', 'co', 'iramkdvstb']","['people', 'toronto', 'started', 'noticing', 'series', 'six', 'foot', 'high', 'celebrity', 'portraits', 'popping', 'around', 'town', 'something', 'little', 'almost', 'nobody', 'guessed', 'truth', '2018', 'iramkdvstb']",people toronto started noticing series six foot high celebrity portraits popping around town something little almost nobody guessed truth 2018 iramkdvstb,people toronto started noticing series six foot high celebrity portraits popping around town something little almost nobody guessed truth 2018 iramkdvstb
38,2022-11-14 16:03:02+00:00,"in the us, antibiotic innovation has skidded to a halt. the last novel class approved by the fda debuted in 1984. congress could give drugmakers a boost, but time is running out. https://t.co/a2ozf0qisb","['in', 'the', 'us', 'antibiotic', 'innovation', 'has', 'skidded', 'to', 'a', 'halt', 'the', 'last', 'novel', 'class', 'approved', 'by', 'the', 'fda', 'debuted', 'in', '1984', 'congress', 'could', 'give', 'drugmakers', 'a', 'boost', 'but', 'time', 'is', 'running', 'out', 'https', 't', 'co', 'a2ozf0qisb']","['us', 'antibiotic', 'innovation', 'skidded', 'halt', 'last', 'novel', 'class', 'approved', 'fda', 'debuted', '1984', 'congress', 'could', 'give', 'drugmakers', 'boost', 'time', 'running', 'a2ozf0qisb']",antibiotic innovation skidded halt last novel class approved fda debuted 1984 congress could give drugmakers boost time running a2ozf0qisb,antibiotic innovation skidded halt last novel class approved fda debuted 1984 congress could give drugmakers boost time running a2ozf0qisb
39,2022-11-14 15:32:03+00:00,turns out that dude who always rolled into trade theory class carrying a motorcycle helmet was a russian spy. wild stuff.  https://t.co/0gcrabf1ez,"['turns', 'out', 'that', 'dude', 'who', 'always', 'rolled', 'into', 'trade', 'theory', 'class', 'carrying', 'a', 'motorcycle', 'helmet', 'was', 'a', 'russian', 'spy', 'wild', 'stuff', 'https', 't', 'co', '0gcrabf1ez']","['turns', 'dude', 'always', 'rolled', 'trade', 'theory', 'class', 'carrying', 'motorcycle', 'helmet', 'russian', 'spy', 'wild', 'stuff', '0gcrabf1ez']",turns dude always rolled trade theory class carrying motorcycle helmet russian spy wild stuff 0gcrabf1ez,turns dude always rolled trade theory class carrying motorcycle helmet russian spy wild stuff 0gcrabf1ez
40,2022-11-14 15:00:01+00:00,do they ever accidentally step on the legos at legoland?ðŸ¦¶ master model builder pj catalano has the answer: https://t.co/iqlwkixl5x,"['do', 'they', 'ever', 'accidentally', 'step', 'on', 'the', 'legos', 'at', 'legoland', 'master', 'model', 'builder', 'pj', 'catalano', 'has', 'the', 'answer', 'https', 't', 'co', 'iqlwkixl5x']","['ever', 'accidentally', 'step', 'legos', 'legoland', 'master', 'model', 'builder', 'pj', 'catalano', 'answer', 'iqlwkixl5x']",ever accidentally step legos legoland master model builder catalano answer iqlwkixl5x,ever accidentally step legos legoland master model builder catalano answer iqlwkixl5x
41,2022-11-14 14:31:06+00:00,the trials of the past three years have changed the way we communicate at work forever.  via @wireduk https://t.co/aobnucs3nb,"['the', 'trials', 'of', 'the', 'past', 'three', 'years', 'have', 'changed', 'the', 'way', 'we', 'communicate', 'at', 'work', 'forever', 'via', 'wireduk', 'https', 't', 'co', 'aobnucs3nb']","['trials', 'past', 'three', 'years', 'changed', 'way', 'communicate', 'work', 'forever', 'via', 'wireduk', 'aobnucs3nb']",trials past three years changed way communicate work forever via wireduk aobnucs3nb,trials past three years changed way communicate work forever via wireduk aobnucs3nb
42,2022-11-14 14:08:03+00:00,making cafe-quality coffee at home can change your life. here's how to do it.  https://t.co/9dyr4jxazi,"['making', 'cafe', 'quality', 'coffee', 'at', 'home', 'can', 'change', 'your', 'life', 'here', 's', 'how', 'to', 'do', 'it', 'https', 't', 'co', '9dyr4jxazi']","['making', 'cafe', 'quality', 'coffee', 'home', 'change', 'life', '9dyr4jxazi']",making cafe quality coffee home change life 9dyr4jxazi,making cafe quality coffee home change life 9dyr4jxazi
43,2022-11-14 13:25:04+00:00,"enjoy the soccer tournament, but donâ€™t forget its broader impact. #fifa23 via @wireduk https://t.co/ucvrlda0yy","['enjoy', 'the', 'soccer', 'tournament', 'but', 'don', 't', 'forget', 'its', 'broader', 'impact', 'fifa23', 'via', 'wireduk', 'https', 't', 'co', 'ucvrlda0yy']","['enjoy', 'soccer', 'tournament', 'forget', 'broader', 'impact', 'fifa23', 'via', 'wireduk', 'ucvrlda0yy']",enjoy soccer tournament forget broader impact fifa23 via wireduk ucvrlda0yy,enjoy soccer tournament forget broader impact fifa23 via wireduk ucvrlda0yy
44,2022-11-14 13:00:59+00:00,"trust us. this isn't spam, we promise. call the number 707-873-7862 and prepare to have your day made (the other end is recordings, not a live call.) you're welcome. 

ðŸŽ¨ jacqui vanliew https://t.co/k6flva90mm","['trust', 'us', 'this', 'isn', 't', 'spam', 'we', 'promise', 'call', 'the', 'number', '707', '873', '7862', 'and', 'prepare', 'to', 'have', 'your', 'day', 'made', 'the', 'other', 'end', 'is', 'recordings', 'not', 'a', 'live', 'call', 'you', 're', 'welcome', 'jacqui', 'vanliew', 'https', 't', 'co', 'k6flva90mm']","['trust', 'us', 'spam', 'promise', 'call', 'number', '707', '873', '7862', 'prepare', 'day', 'made', 'end', 'recordings', 'live', 'call', 'welcome', 'jacqui', 'vanliew', 'k6flva90mm']",trust spam promise call number 707 873 7862 prepare day made end recordings live call welcome jacqui vanliew k6flva90mm,trust spam promise call number 707 873 7862 prepare day made end recordings live call welcome jacqui vanliew k6flva90mm
45,2022-11-14 12:28:04+00:00,"after a massive heist pulled nearly half a billion dollars worth of funds out of the already collapsing ftx cryptocurrency exchange, the world's crypto tracers are now closely tracking where that loot ends up. https://t.co/ugnerges7y","['after', 'a', 'massive', 'heist', 'pulled', 'nearly', 'half', 'a', 'billion', 'dollars', 'worth', 'of', 'funds', 'out', 'of', 'the', 'already', 'collapsing', 'ftx', 'cryptocurrency', 'exchange', 'the', 'world', 's', 'crypto', 'tracers', 'are', 'now', 'closely', 'tracking', 'where', 'that', 'loot', 'ends', 'up', 'https', 't', 'co', 'ugnerges7y']","['massive', 'heist', 'pulled', 'nearly', 'half', 'billion', 'dollars', 'worth', 'funds', 'already', 'collapsing', 'ftx', 'cryptocurrency', 'exchange', 'world', 'crypto', 'tracers', 'closely', 'tracking', 'loot', 'ends', 'ugnerges7y']",massive heist pulled nearly half billion dollars worth funds already collapsing ftx cryptocurrency exchange world crypto tracers closely tracking loot ends ugnerges7y,massive heist pulled nearly half billion dollars worth funds already collapsing ftx cryptocurrency exchange world crypto tracers closely tracking loot ends ugnerges7y
46,2022-11-14 12:09:36+00:00,"eugen rochko is the founder of mastodon, a distributed alternative to twitter that has exploded in popularity as elon muskâ€™s ownership of the platform has rained chaos on its users.

rochko spoke with wired about recent events and the future of mastodon. https://t.co/tkcb5zznul","['eugen', 'rochko', 'is', 'the', 'founder', 'of', 'mastodon', 'a', 'distributed', 'alternative', 'to', 'twitter', 'that', 'has', 'exploded', 'in', 'popularity', 'as', 'elon', 'musk', 's', 'ownership', 'of', 'the', 'platform', 'has', 'rained', 'chaos', 'on', 'its', 'users', 'rochko', 'spoke', 'with', 'wired', 'about', 'recent', 'events', 'and', 'the', 'future', 'of', 'mastodon', 'https', 't', 'co', 'tkcb5zznul']","['eugen', 'rochko', 'founder', 'mastodon', 'distributed', 'alternative', 'twitter', 'exploded', 'popularity', 'elon', 'musk', 'ownership', 'platform', 'rained', 'chaos', 'users', 'rochko', 'spoke', 'wired', 'recent', 'events', 'future', 'mastodon', 'tkcb5zznul']",eugen rochko founder mastodon distributed alternative twitter exploded popularity elon musk ownership platform rained chaos users rochko spoke wired recent events future mastodon tkcb5zznul,eugen rochko founder mastodon distributed alternative twitter exploded popularity elon musk ownership platform rained chaos users rochko spoke wired recent events future mastodon tkcb5zznul
47,2022-11-14 11:32:04+00:00,of all the physical features on the human bodyâ€”including other kinds of hairâ€”facial hair is the only one that is purely or primarily ornamental. (from 2020) https://t.co/xjqqi40gyo,"['of', 'all', 'the', 'physical', 'features', 'on', 'the', 'human', 'body', 'including', 'other', 'kinds', 'of', 'hair', 'facial', 'hair', 'is', 'the', 'only', 'one', 'that', 'is', 'purely', 'or', 'primarily', 'ornamental', 'from', '2020', 'https', 't', 'co', 'xjqqi40gyo']","['physical', 'features', 'human', 'body', 'including', 'kinds', 'hair', 'facial', 'hair', 'one', 'purely', 'primarily', 'ornamental', '2020', 'xjqqi40gyo']",physical features human body including kinds hair facial hair one purely primarily ornamental 2020 xjqqi40gyo,physical features human body including kinds hair facial hair one purely primarily ornamental 2020 xjqqi40gyo
48,2022-11-14 11:05:04+00:00,"research shows that five work hours a day can improve productivity and bolster wellbeing, but companies are still resistent. (from 2021) via @wireduk https://t.co/xv87irnisc","['research', 'shows', 'that', 'five', 'work', 'hours', 'a', 'day', 'can', 'improve', 'productivity', 'and', 'bolster', 'wellbeing', 'but', 'companies', 'are', 'still', 'resistent', 'from', '2021', 'via', 'wireduk', 'https', 't', 'co', 'xv87irnisc']","['research', 'shows', 'five', 'work', 'hours', 'day', 'improve', 'productivity', 'bolster', 'wellbeing', 'companies', 'still', 'resistent', '2021', 'via', 'wireduk', 'xv87irnisc']",research shows five work hours day improve productivity bolster wellbeing companies still resistent 2021 via wireduk xv87irnisc,research shows five work hours day improve productivity bolster wellbeing companies still resistent 2021 via wireduk xv87irnisc
49,2022-11-14 10:27:04+00:00,something is happening to our eyes. (from 2018)  https://t.co/d3k34nyjvz,"['something', 'is', 'happening', 'to', 'our', 'eyes', 'from', '2018', 'https', 't', 'co', 'd3k34nyjvz']","['something', 'happening', 'eyes', '2018', 'd3k34nyjvz']",something happening eyes 2018 d3k34nyjvz,something happening eyes 2018 d3k34nyjvz
50,2022-11-14 10:04:04+00:00,get the most bang for your buck when buying your next tv. https://t.co/9xhdbjfhvf,"['get', 'the', 'most', 'bang', 'for', 'your', 'buck', 'when', 'buying', 'your', 'next', 'tv', 'https', 't', 'co', '9xhdbjfhvf']","['get', 'bang', 'buck', 'buying', 'next', 'tv', '9xhdbjfhvf']",get bang buck buying next 9xhdbjfhvf,get bang buck buying next 9xhdbjfhvf
51,2022-11-14 09:00:50+00:00,"should you drop $1,300 on alienware's new monitor? our reviewer ... actually thinks you should because this thing is about as good as it gets. https://t.co/kg1dy3bzgt

ðŸ“¸ dell https://t.co/ez31iepbz0","['should', 'you', 'drop', '1', '300', 'on', 'alienware', 's', 'new', 'monitor', 'our', 'reviewer', 'actually', 'thinks', 'you', 'should', 'because', 'this', 'thing', 'is', 'about', 'as', 'good', 'as', 'it', 'gets', 'https', 't', 'co', 'kg1dy3bzgt', 'dell', 'https', 't', 'co', 'ez31iepbz0']","['drop', '1', '300', 'alienware', 'new', 'monitor', 'reviewer', 'actually', 'thinks', 'thing', 'good', 'gets', 'kg1dy3bzgt', 'dell', 'ez31iepbz0']",drop 300 alienware new monitor reviewer actually thinks thing good gets kg1dy3bzgt dell ez31iepbz0,drop 300 alienware new monitor reviewer actually thinks thing good gets kg1dy3bzgt dell ez31iepbz0
52,2022-11-14 08:59:58+00:00,"this off-world ev had better than expected battery efficiency, but it came at an astronomical price. https://t.co/tlvvlo8k4c","['this', 'off', 'world', 'ev', 'had', 'better', 'than', 'expected', 'battery', 'efficiency', 'but', 'it', 'came', 'at', 'an', 'astronomical', 'price', 'https', 't', 'co', 'tlvvlo8k4c']","['world', 'ev', 'better', 'expected', 'battery', 'efficiency', 'came', 'astronomical', 'price', 'tlvvlo8k4c']",world better expected battery efficiency came astronomical price tlvvlo8k4c,world better expected battery efficiency came astronomical price tlvvlo8k4c
53,2022-11-14 07:59:42+00:00,wake up on the right side of the bed with the best sunrise alarms. https://t.co/ydg7le3iam,"['wake', 'up', 'on', 'the', 'right', 'side', 'of', 'the', 'bed', 'with', 'the', 'best', 'sunrise', 'alarms', 'https', 't', 'co', 'ydg7le3iam']","['wake', 'right', 'side', 'bed', 'best', 'sunrise', 'alarms', 'ydg7le3iam']",wake right side bed best sunrise alarms ydg7le3iam,wake right side bed best sunrise alarms ydg7le3iam
54,2022-11-14 07:00:20+00:00,"""the genius of atlanta, as ever, remains in its unconventional curiosity, its ability to envision blackness in new dimensions of possibility."" #atlantafx https://t.co/rkx4mwmzcj","['the', 'genius', 'of', 'atlanta', 'as', 'ever', 'remains', 'in', 'its', 'unconventional', 'curiosity', 'its', 'ability', 'to', 'envision', 'blackness', 'in', 'new', 'dimensions', 'of', 'possibility', 'atlantafx', 'https', 't', 'co', 'rkx4mwmzcj']","['genius', 'atlanta', 'ever', 'remains', 'unconventional', 'curiosity', 'ability', 'envision', 'blackness', 'new', 'dimensions', 'possibility', 'atlantafx', 'rkx4mwmzcj']",genius atlanta ever remains unconventional curiosity ability envision blackness new dimensions possibility atlantafx rkx4mwmzcj,genius atlanta ever remains unconventional curiosity ability envision blackness new dimensions possibility atlantafx rkx4mwmzcj
55,2022-11-14 07:00:01+00:00,is popping pimples really that bad for your skin? and are tanning beds as bad as they say they are? dr. muneeb shah answers the internet's burning questions about skin and #dermatology. https://t.co/8tzhljw5ts,"['is', 'popping', 'pimples', 'really', 'that', 'bad', 'for', 'your', 'skin', 'and', 'are', 'tanning', 'beds', 'as', 'bad', 'as', 'they', 'say', 'they', 'are', 'dr', 'muneeb', 'shah', 'answers', 'the', 'internet', 's', 'burning', 'questions', 'about', 'skin', 'and', 'dermatology', 'https', 't', 'co', '8tzhljw5ts']","['popping', 'pimples', 'really', 'bad', 'skin', 'tanning', 'beds', 'bad', 'say', 'dr', 'muneeb', 'shah', 'answers', 'internet', 'burning', 'questions', 'skin', 'dermatology', '8tzhljw5ts']",popping pimples really bad skin tanning beds bad say muneeb shah answers internet burning questions skin dermatology 8tzhljw5ts,popping pimples really bad skin tanning beds bad say muneeb shah answers internet burning questions skin dermatology 8tzhljw5ts
56,2022-11-14 06:01:17+00:00,no need to wait to start your holiday shopping. https://t.co/mefq7ynzox,"['no', 'need', 'to', 'wait', 'to', 'start', 'your', 'holiday', 'shopping', 'https', 't', 'co', 'mefq7ynzox']","['need', 'wait', 'start', 'holiday', 'shopping', 'mefq7ynzox']",need wait start holiday shopping mefq7ynzox,need wait start holiday shopping mefq7ynzox
57,2022-11-14 05:01:28+00:00,your work life will never be the same. https://t.co/btfk4omral,"['your', 'work', 'life', 'will', 'never', 'be', 'the', 'same', 'https', 't', 'co', 'btfk4omral']","['work', 'life', 'never', 'btfk4omral']",work life never btfk4omral,work life never btfk4omral
58,2022-11-14 04:00:24+00:00,"for scientists working in the field, donâ€™t look upâ€™s thinly veiled allegory for the climate crisis strikes painfully close to home. (from 2021) via wired uk https://t.co/mu5dpl3ukx","['for', 'scientists', 'working', 'in', 'the', 'field', 'don', 't', 'look', 'up', 's', 'thinly', 'veiled', 'allegory', 'for', 'the', 'climate', 'crisis', 'strikes', 'painfully', 'close', 'to', 'home', 'from', '2021', 'via', 'wired', 'uk', 'https', 't', 'co', 'mu5dpl3ukx']","['scientists', 'working', 'field', 'look', 'thinly', 'veiled', 'allegory', 'climate', 'crisis', 'strikes', 'painfully', 'close', 'home', '2021', 'via', 'wired', 'uk', 'mu5dpl3ukx']",scientists working field look thinly veiled allegory climate crisis strikes painfully close home 2021 via wired mu5dpl3ukx,scientists working field look thinly veiled allegory climate crisis strikes painfully close home 2021 via wired mu5dpl3ukx
59,2022-11-14 03:01:19+00:00,"the f1 goat opens up about the secrets to his performance, and what his future could look like. (from 2021) via wired uk https://t.co/1f0ezpb4dy","['the', 'f1', 'goat', 'opens', 'up', 'about', 'the', 'secrets', 'to', 'his', 'performance', 'and', 'what', 'his', 'future', 'could', 'look', 'like', 'from', '2021', 'via', 'wired', 'uk', 'https', 't', 'co', '1f0ezpb4dy']","['f1', 'goat', 'opens', 'secrets', 'performance', 'future', 'could', 'look', 'like', '2021', 'via', 'wired', 'uk', '1f0ezpb4dy']",goat opens secrets performance future could look like 2021 via wired 1f0ezpb4dy,goat opens secrets performance future could look like 2021 via wired 1f0ezpb4dy
60,2022-11-14 03:00:00+00:00,who did sabrina voice in phineas and ferb? who did sabrina carpenter play in harry potter? @sabrinaannlynn answers all these questions and much more! https://t.co/lkgdqnrvfb,"['who', 'did', 'sabrina', 'voice', 'in', 'phineas', 'and', 'ferb', 'who', 'did', 'sabrina', 'carpenter', 'play', 'in', 'harry', 'potter', 'sabrinaannlynn', 'answers', 'all', 'these', 'questions', 'and', 'much', 'more', 'https', 't', 'co', 'lkgdqnrvfb']","['sabrina', 'voice', 'phineas', 'ferb', 'sabrina', 'carpenter', 'play', 'harry', 'potter', 'sabrinaannlynn', 'answers', 'questions', 'much', 'lkgdqnrvfb']",sabrina voice phineas ferb sabrina carpenter play harry potter sabrinaannlynn answers questions much lkgdqnrvfb,sabrina voice phineas ferb sabrina carpenter play harry potter sabrinaannlynn answers questions much lkgdqnrvfb
61,2022-11-14 02:01:42+00:00,"the migration of damaged porsches is an inconvenience for their owners, but it's also a symptom of deeper shifts in the auto industryâ€”ones that make it harder for people to get their cars fixed. https://t.co/ou9agjtgsc","['the', 'migration', 'of', 'damaged', 'porsches', 'is', 'an', 'inconvenience', 'for', 'their', 'owners', 'but', 'it', 's', 'also', 'a', 'symptom', 'of', 'deeper', 'shifts', 'in', 'the', 'auto', 'industry', 'ones', 'that', 'make', 'it', 'harder', 'for', 'people', 'to', 'get', 'their', 'cars', 'fixed', 'https', 't', 'co', 'ou9agjtgsc']","['migration', 'damaged', 'porsches', 'inconvenience', 'owners', 'also', 'symptom', 'deeper', 'shifts', 'auto', 'industry', 'ones', 'make', 'harder', 'people', 'get', 'cars', 'fixed', 'ou9agjtgsc']",migration damaged porsches inconvenience owners also symptom deeper shifts auto industry ones make harder people get cars fixed ou9agjtgsc,migration damaged porsches inconvenience owners also symptom deeper shifts auto industry ones make harder people get cars fixed ou9agjtgsc
62,2022-11-14 01:02:23+00:00,it might be time to ditch your nonstick. https://t.co/zvzn29s7zq,"['it', 'might', 'be', 'time', 'to', 'ditch', 'your', 'nonstick', 'https', 't', 'co', 'zvzn29s7zq']","['might', 'time', 'ditch', 'nonstick', 'zvzn29s7zq']",might time ditch nonstick zvzn29s7zq,might time ditch nonstick zvzn29s7zq
63,2022-11-14 01:00:32+00:00,"your dog's bed of choice is probably ... yours. but if you'd like your pooch to be supported in a space of their own, these beds should do the trick: https://t.co/vrnusqcplo

ðŸ“¸ casper https://t.co/iz4p6tf0fh","['your', 'dog', 's', 'bed', 'of', 'choice', 'is', 'probably', 'yours', 'but', 'if', 'you', 'd', 'like', 'your', 'pooch', 'to', 'be', 'supported', 'in', 'a', 'space', 'of', 'their', 'own', 'these', 'beds', 'should', 'do', 'the', 'trick', 'https', 't', 'co', 'vrnusqcplo', 'casper', 'https', 't', 'co', 'iz4p6tf0fh']","['dog', 'bed', 'choice', 'probably', 'like', 'pooch', 'supported', 'space', 'beds', 'trick', 'vrnusqcplo', 'casper', 'iz4p6tf0fh']",dog bed choice probably like pooch supported space beds trick vrnusqcplo casper iz4p6tf0fh,dog bed choice probably like pooch supported space beds trick vrnusqcplo casper iz4p6tf0fh
64,2022-11-14 00:01:00+00:00,here's how to set up that fancy new lock screen in apple ios 16.  https://t.co/kdgkkf4xad,"['here', 's', 'how', 'to', 'set', 'up', 'that', 'fancy', 'new', 'lock', 'screen', 'in', 'apple', 'ios', '16', 'https', 't', 'co', 'kdgkkf4xad']","['set', 'fancy', 'new', 'lock', 'screen', 'apple', 'ios', '16', 'kdgkkf4xad']",set fancy new lock screen apple ios kdgkkf4xad,set fancy new lock screen apple ios kdgkkf4xad
65,2022-11-13 22:59:48+00:00,"here's a list of a few foundational features that have moved beyond being tricks, to make using an iphone faster and more convenient. https://t.co/rcxrhd3g5f","['here', 's', 'a', 'list', 'of', 'a', 'few', 'foundational', 'features', 'that', 'have', 'moved', 'beyond', 'being', 'tricks', 'to', 'make', 'using', 'an', 'iphone', 'faster', 'and', 'more', 'convenient', 'https', 't', 'co', 'rcxrhd3g5f']","['list', 'foundational', 'features', 'moved', 'beyond', 'tricks', 'make', 'using', 'iphone', 'faster', 'convenient', 'rcxrhd3g5f']",list foundational features moved beyond tricks make using iphone faster convenient rcxrhd3g5f,list foundational features moved beyond tricks make using iphone faster convenient rcxrhd3g5f
66,2022-11-13 21:59:06+00:00,make this a holiday to remember with these sexy gifts for lovers. https://t.co/1aeepangex,"['make', 'this', 'a', 'holiday', 'to', 'remember', 'with', 'these', 'sexy', 'gifts', 'for', 'lovers', 'https', 't', 'co', '1aeepangex']","['make', 'holiday', 'remember', 'sexy', 'gifts', 'lovers', '1aeepangex']",make holiday remember sexy gifts lovers 1aeepangex,make holiday remember sexy gifts lovers 1aeepangex
67,2022-11-13 21:00:36+00:00,"humans shmumans. you had us at ""this pill helps dogs live longer."" https://t.co/jom746oxwn","['humans', 'shmumans', 'you', 'had', 'us', 'at', 'this', 'pill', 'helps', 'dogs', 'live', 'longer', 'https', 't', 'co', 'jom746oxwn']","['humans', 'shmumans', 'us', 'pill', 'helps', 'dogs', 'live', 'longer', 'jom746oxwn']",humans shmumans pill helps dogs live longer jom746oxwn,humans shmumans pill helps dogs live longer jom746oxwn
68,2022-11-13 21:00:20+00:00,"sorry teflon lovers: it seems the epa will soon declare components of many teflon coatings hazardous. but can a ceramic coatingâ€”or even carbon steel pansâ€”perform the same way? our reviewers say yes: https://t.co/m6hgtcyi6b

ðŸ“¸ oxo https://t.co/mofbdpv6xm","['sorry', 'teflon', 'lovers', 'it', 'seems', 'the', 'epa', 'will', 'soon', 'declare', 'components', 'of', 'many', 'teflon', 'coatings', 'hazardous', 'but', 'can', 'a', 'ceramic', 'coating', 'or', 'even', 'carbon', 'steel', 'pans', 'perform', 'the', 'same', 'way', 'our', 'reviewers', 'say', 'yes', 'https', 't', 'co', 'm6hgtcyi6b', 'oxo', 'https', 't', 'co', 'mofbdpv6xm']","['sorry', 'teflon', 'lovers', 'seems', 'epa', 'soon', 'declare', 'components', 'many', 'teflon', 'coatings', 'hazardous', 'ceramic', 'coating', 'even', 'carbon', 'steel', 'pans', 'perform', 'way', 'reviewers', 'say', 'yes', 'm6hgtcyi6b', 'oxo', 'mofbdpv6xm']",sorry teflon lovers seems epa soon declare components many teflon coatings hazardous ceramic coating even carbon steel pans perform way reviewers say yes m6hgtcyi6b oxo mofbdpv6xm,sorry teflon lovers seems epa soon declare components many teflon coatings hazardous ceramic coating even carbon steel pans perform way reviewers say yes m6hgtcyi6b oxo mofbdpv6xm
69,2022-11-13 19:59:03+00:00,"google is switching up the design for gmail but if you see the new look and hate it, you can hold on to the old look for a little longer. https://t.co/lqpzctx70l","['google', 'is', 'switching', 'up', 'the', 'design', 'for', 'gmail', 'but', 'if', 'you', 'see', 'the', 'new', 'look', 'and', 'hate', 'it', 'you', 'can', 'hold', 'on', 'to', 'the', 'old', 'look', 'for', 'a', 'little', 'longer', 'https', 't', 'co', 'lqpzctx70l']","['google', 'switching', 'design', 'gmail', 'see', 'new', 'look', 'hate', 'hold', 'old', 'look', 'little', 'longer', 'lqpzctx70l']",google switching design gmail see new look hate hold old look little longer lqpzctx70l,google switching design gmail see new look hate hold old look little longer lqpzctx70l
70,2022-11-13 19:30:07+00:00,"we dived into the dreaded box of cables, identified the ones you need for different scenarios. https://t.co/t98plkp0pr","['we', 'dived', 'into', 'the', 'dreaded', 'box', 'of', 'cables', 'identified', 'the', 'ones', 'you', 'need', 'for', 'different', 'scenarios', 'https', 't', 'co', 't98plkp0pr']","['dived', 'dreaded', 'box', 'cables', 'identified', 'ones', 'need', 'different', 'scenarios', 't98plkp0pr']",dived dreaded box cables identified ones need different scenarios t98plkp0pr,dived dreaded box cables identified ones need different scenarios t98plkp0pr
71,2022-11-13 19:00:01+00:00,"the way we present ourselves, across cultures, continues to be of massive importance. former fbi agent and body language expert 
@navarrotells sits down with wired to talk about the non-verbal language of appearance. https://t.co/p462c8lg94","['the', 'way', 'we', 'present', 'ourselves', 'across', 'cultures', 'continues', 'to', 'be', 'of', 'massive', 'importance', 'former', 'fbi', 'agent', 'and', 'body', 'language', 'expert', 'navarrotells', 'sits', 'down', 'with', 'wired', 'to', 'talk', 'about', 'the', 'non', 'verbal', 'language', 'of', 'appearance', 'https', 't', 'co', 'p462c8lg94']","['way', 'present', 'across', 'cultures', 'continues', 'massive', 'importance', 'former', 'fbi', 'agent', 'body', 'language', 'expert', 'navarrotells', 'sits', 'wired', 'talk', 'non', 'verbal', 'language', 'appearance', 'p462c8lg94']",way present across cultures continues massive importance former fbi agent body language expert navarrotells sits wired talk non verbal language appearance p462c8lg94,way present across cultures continues massive importance former fbi agent body language expert navarrotells sits wired talk non verbal language appearance p462c8lg94
72,2022-11-13 18:30:09+00:00,weâ€™ve tried them all so you donâ€™t have to go through a bunch to figure out what works for you. https://t.co/q3mdaywdgc,"['we', 've', 'tried', 'them', 'all', 'so', 'you', 'don', 't', 'have', 'to', 'go', 'through', 'a', 'bunch', 'to', 'figure', 'out', 'what', 'works', 'for', 'you', 'https', 't', 'co', 'q3mdaywdgc']","['tried', 'go', 'bunch', 'figure', 'works', 'q3mdaywdgc']",tried bunch figure works q3mdaywdgc,tried bunch figure works q3mdaywdgc
73,2022-11-13 17:59:06+00:00,"â€œthese are two brands known worldwide, two brands with a clear message on the opposite side of the scale, and a total surprise for everyone.â€ https://t.co/nyakxnwzju","['these', 'are', 'two', 'brands', 'known', 'worldwide', 'two', 'brands', 'with', 'a', 'clear', 'message', 'on', 'the', 'opposite', 'side', 'of', 'the', 'scale', 'and', 'a', 'total', 'surprise', 'for', 'everyone', 'https', 't', 'co', 'nyakxnwzju']","['two', 'brands', 'known', 'worldwide', 'two', 'brands', 'clear', 'message', 'opposite', 'side', 'scale', 'total', 'surprise', 'everyone', 'nyakxnwzju']",two brands known worldwide two brands clear message opposite side scale total surprise everyone nyakxnwzju,two brands known worldwide two brands clear message opposite side scale total surprise everyone nyakxnwzju
74,2022-11-13 17:30:07+00:00,"readiness programs aim to bring digital skills to previously incarcerated jobseekers, but a successful transition requires a bit more. https://t.co/dnxhbiyzaq","['readiness', 'programs', 'aim', 'to', 'bring', 'digital', 'skills', 'to', 'previously', 'incarcerated', 'jobseekers', 'but', 'a', 'successful', 'transition', 'requires', 'a', 'bit', 'more', 'https', 't', 'co', 'dnxhbiyzaq']","['readiness', 'programs', 'aim', 'bring', 'digital', 'skills', 'previously', 'incarcerated', 'jobseekers', 'successful', 'transition', 'requires', 'bit', 'dnxhbiyzaq']",readiness programs aim bring digital skills previously incarcerated jobseekers successful transition requires bit dnxhbiyzaq,readiness programs aim bring digital skills previously incarcerated jobseekers successful transition requires bit dnxhbiyzaq
75,2022-11-13 16:59:06+00:00,"one day, you might turn the ignition key and nothing will happen. keep these wired-tested items handy in your trunk and you'll be back on the road in no time. https://t.co/hs52q97srx","['one', 'day', 'you', 'might', 'turn', 'the', 'ignition', 'key', 'and', 'nothing', 'will', 'happen', 'keep', 'these', 'wired', 'tested', 'items', 'handy', 'in', 'your', 'trunk', 'and', 'you', 'll', 'be', 'back', 'on', 'the', 'road', 'in', 'no', 'time', 'https', 't', 'co', 'hs52q97srx']","['one', 'day', 'might', 'turn', 'ignition', 'key', 'nothing', 'happen', 'keep', 'wired', 'tested', 'items', 'handy', 'trunk', 'back', 'road', 'time', 'hs52q97srx']",one day might turn ignition key nothing happen keep wired tested items handy trunk back road time hs52q97srx,one day might turn ignition key nothing happen keep wired tested items handy trunk back road time hs52q97srx
76,2022-11-13 16:30:05+00:00,"three-way entanglement represents one small step toward a global quantum internet. via @quantamagazine  

ðŸŽ¨: kristina armitage https://t.co/lnpkx1qkmb","['three', 'way', 'entanglement', 'represents', 'one', 'small', 'step', 'toward', 'a', 'global', 'quantum', 'internet', 'via', 'quantamagazine', 'kristina', 'armitage', 'https', 't', 'co', 'lnpkx1qkmb']","['three', 'way', 'entanglement', 'represents', 'one', 'small', 'step', 'toward', 'global', 'quantum', 'internet', 'via', 'quantamagazine', 'kristina', 'armitage', 'lnpkx1qkmb']",three way entanglement represents one small step toward global quantum internet via quantamagazine kristina armitage lnpkx1qkmb,three way entanglement represents one small step toward global quantum internet via quantamagazine kristina armitage lnpkx1qkmb
77,2022-11-13 15:59:02+00:00,everybody deserves a faster internet. https://t.co/l0pp3t0dyv,"['everybody', 'deserves', 'a', 'faster', 'internet', 'https', 't', 'co', 'l0pp3t0dyv']","['everybody', 'deserves', 'faster', 'internet', 'l0pp3t0dyv']",everybody deserves faster internet l0pp3t0dyv,everybody deserves faster internet l0pp3t0dyv
78,2022-11-13 15:30:08+00:00,"the battery problem, solved. https://t.co/dj8ldei1uc","['the', 'battery', 'problem', 'solved', 'https', 't', 'co', 'dj8ldei1uc']","['battery', 'problem', 'solved', 'dj8ldei1uc']",battery problem solved dj8ldei1uc,battery problem solved dj8ldei1uc
79,2022-11-13 15:00:02+00:00,"when space biologists recently grew plants in actual moon soil, it was a game changer. wired spoke with @nasaspacesci sharmila bhattacharya to find out exactly how they did it. https://t.co/h4cgwrv3cl","['when', 'space', 'biologists', 'recently', 'grew', 'plants', 'in', 'actual', 'moon', 'soil', 'it', 'was', 'a', 'game', 'changer', 'wired', 'spoke', 'with', 'nasaspacesci', 'sharmila', 'bhattacharya', 'to', 'find', 'out', 'exactly', 'how', 'they', 'did', 'it', 'https', 't', 'co', 'h4cgwrv3cl']","['space', 'biologists', 'recently', 'grew', 'plants', 'actual', 'moon', 'soil', 'game', 'changer', 'wired', 'spoke', 'nasaspacesci', 'sharmila', 'bhattacharya', 'find', 'exactly', 'h4cgwrv3cl']",space biologists recently grew plants actual moon soil game changer wired spoke nasaspacesci sharmila bhattacharya find exactly h4cgwrv3cl,space biologists recently grew plants actual moon soil game changer wired spoke nasaspacesci sharmila bhattacharya find exactly h4cgwrv3cl
80,2022-11-13 14:59:01+00:00,the openrun pro are the first of shokz' headsets we genuinely like enough to keep using them regularly. https://t.co/lminrcmm2x,"['the', 'openrun', 'pro', 'are', 'the', 'first', 'of', 'shokz', 'headsets', 'we', 'genuinely', 'like', 'enough', 'to', 'keep', 'using', 'them', 'regularly', 'https', 't', 'co', 'lminrcmm2x']","['openrun', 'pro', 'first', 'shokz', 'headsets', 'genuinely', 'like', 'enough', 'keep', 'using', 'regularly', 'lminrcmm2x']",openrun pro first shokz headsets genuinely like enough keep using regularly lminrcmm2x,openrun pro first shokz headsets genuinely like enough keep using regularly lminrcmm2x
81,2022-11-13 14:30:10+00:00,a bloody mary that makes your taste buds tingle with every sip is unbeatable. https://t.co/wtdyuerksy,"['a', 'bloody', 'mary', 'that', 'makes', 'your', 'taste', 'buds', 'tingle', 'with', 'every', 'sip', 'is', 'unbeatable', 'https', 't', 'co', 'wtdyuerksy']","['bloody', 'mary', 'makes', 'taste', 'buds', 'tingle', 'every', 'sip', 'unbeatable', 'wtdyuerksy']",bloody mary makes taste buds tingle every sip unbeatable wtdyuerksy,bloody mary makes taste buds tingle every sip unbeatable wtdyuerksy
82,2022-11-13 13:39:39+00:00,it's not as hard as you think. https://t.co/qtd6sfhvxq,"['it', 's', 'not', 'as', 'hard', 'as', 'you', 'think', 'https', 't', 'co', 'qtd6sfhvxq']","['hard', 'think', 'qtd6sfhvxq']",hard think qtd6sfhvxq,hard think qtd6sfhvxq
83,2022-11-13 13:01:01+00:00,"when f1 introduced the concept of the ""halo"", its reception was controversial at best. some felt it was ruining the sport, others thought it would introduce new problems. years after its arrival the case is clear: it has saved lives on more than one occasion.

ðŸ“¸ reuters/getty https://t.co/p8hwsqwbun","['when', 'f1', 'introduced', 'the', 'concept', 'of', 'the', 'halo', 'its', 'reception', 'was', 'controversial', 'at', 'best', 'some', 'felt', 'it', 'was', 'ruining', 'the', 'sport', 'others', 'thought', 'it', 'would', 'introduce', 'new', 'problems', 'years', 'after', 'its', 'arrival', 'the', 'case', 'is', 'clear', 'it', 'has', 'saved', 'lives', 'on', 'more', 'than', 'one', 'occasion', 'reuters', 'getty', 'https', 't', 'co', 'p8hwsqwbun']","['f1', 'introduced', 'concept', 'halo', 'reception', 'controversial', 'best', 'felt', 'ruining', 'sport', 'others', 'thought', 'would', 'introduce', 'new', 'problems', 'years', 'arrival', 'case', 'clear', 'saved', 'lives', 'one', 'occasion', 'reuters', 'getty', 'p8hwsqwbun']",introduced concept halo reception controversial best felt ruining sport others thought would introduce new problems years arrival case clear saved lives one occasion reuters getty p8hwsqwbun,introduced concept halo reception controversial best felt ruining sport others thought would introduce new problems years arrival case clear saved lives one occasion reuters getty p8hwsqwbun
84,2022-11-13 12:38:11+00:00,something is happening to our eyes. (from 2018)  https://t.co/jtfafwts6l,"['something', 'is', 'happening', 'to', 'our', 'eyes', 'from', '2018', 'https', 't', 'co', 'jtfafwts6l']","['something', 'happening', 'eyes', '2018', 'jtfafwts6l']",something happening eyes 2018 jtfafwts6l,something happening eyes 2018 jtfafwts6l
85,2022-11-13 11:38:04+00:00,are you being tracked by an airtag? here's how to know: https://t.co/anoi4vjvvt,"['are', 'you', 'being', 'tracked', 'by', 'an', 'airtag', 'here', 's', 'how', 'to', 'know', 'https', 't', 'co', 'anoi4vjvvt']","['tracked', 'airtag', 'know', 'anoi4vjvvt']",tracked airtag know anoi4vjvvt,tracked airtag know anoi4vjvvt
86,2022-11-13 10:37:32+00:00,it looks like elon just canâ€™t take a joke. https://t.co/5zg9dgumod,"['it', 'looks', 'like', 'elon', 'just', 'can', 't', 'take', 'a', 'joke', 'https', 't', 'co', '5zg9dgumod']","['looks', 'like', 'elon', 'take', 'joke', '5zg9dgumod']",looks like elon take joke 5zg9dgumod,looks like elon take joke 5zg9dgumod
87,2022-11-13 09:36:44+00:00,"at the end of 2008, 20% of the internet's 1.5 billion users were on firefox. today, the browser has slid to less than 4% of the market? what went wrong? https://t.co/1nnsmyqejb","['at', 'the', 'end', 'of', '2008', '20', 'of', 'the', 'internet', 's', '1', '5', 'billion', 'users', 'were', 'on', 'firefox', 'today', 'the', 'browser', 'has', 'slid', 'to', 'less', 'than', '4', 'of', 'the', 'market', 'what', 'went', 'wrong', 'https', 't', 'co', '1nnsmyqejb']","['end', '2008', '20', 'internet', '1', '5', 'billion', 'users', 'firefox', 'today', 'browser', 'slid', 'less', '4', 'market', 'went', 'wrong', '1nnsmyqejb']",end 2008 internet billion users firefox today browser slid less market went wrong 1nnsmyqejb,end 2008 internet billion users firefox today browser slid less market went wrong 1nnsmyqejb
88,2022-11-13 09:00:53+00:00,"who says you can't eat out during a pandemic? the staff at hoshinoya tokyo hotel demonstrated the 'lantern dining experience', which enables diners to enjoy meals while protecting themselves against the spread of the coronavirus disease. 

ðŸ“¸: reuters/kim kyung-hoon https://t.co/mywaenimbv","['who', 'says', 'you', 'can', 't', 'eat', 'out', 'during', 'a', 'pandemic', 'the', 'staff', 'at', 'hoshinoya', 'tokyo', 'hotel', 'demonstrated', 'the', 'lantern', 'dining', 'experience', 'which', 'enables', 'diners', 'to', 'enjoy', 'meals', 'while', 'protecting', 'themselves', 'against', 'the', 'spread', 'of', 'the', 'coronavirus', 'disease', 'reuters', 'kim', 'kyung', 'hoon', 'https', 't', 'co', 'mywaenimbv']","['says', 'eat', 'pandemic', 'staff', 'hoshinoya', 'tokyo', 'hotel', 'demonstrated', 'lantern', 'dining', 'experience', 'enables', 'diners', 'enjoy', 'meals', 'protecting', 'spread', 'coronavirus', 'disease', 'reuters', 'kim', 'kyung', 'hoon', 'mywaenimbv']",says eat pandemic staff hoshinoya tokyo hotel demonstrated lantern dining experience enables diners enjoy meals protecting spread coronavirus disease reuters kim kyung hoon mywaenimbv,says eat pandemic staff hoshinoya tokyo hotel demonstrated lantern dining experience enables diners enjoy meals protecting spread coronavirus disease reuters kim kyung hoon mywaenimbv
89,2022-11-13 08:37:15+00:00,add these to your queue. right now. (from 2020) https://t.co/ylbivfmjib,"['add', 'these', 'to', 'your', 'queue', 'right', 'now', 'from', '2020', 'https', 't', 'co', 'ylbivfmjib']","['add', 'queue', 'right', '2020', 'ylbivfmjib']",add queue right 2020 ylbivfmjib,add queue right 2020 ylbivfmjib
90,2022-11-13 07:37:07+00:00,"here's how to decide which ipad is best for you, and which definitely aren't worth the money: https://t.co/bwdpgit5oa","['here', 's', 'how', 'to', 'decide', 'which', 'ipad', 'is', 'best', 'for', 'you', 'and', 'which', 'definitely', 'aren', 't', 'worth', 'the', 'money', 'https', 't', 'co', 'bwdpgit5oa']","['decide', 'ipad', 'best', 'definitely', 'worth', 'money', 'bwdpgit5oa']",decide ipad best definitely worth money bwdpgit5oa,decide ipad best definitely worth money bwdpgit5oa
91,2022-11-13 07:00:00+00:00,"here's @gladwell answering questions like ""how reliable is wikipedia?"" ""who is still going to the library is 2022?"" and the question everyone wants to know the answer to: ""were mcdonald's fries better when i was a kid?"" https://t.co/rm5o1q6jql","['here', 's', 'gladwell', 'answering', 'questions', 'like', 'how', 'reliable', 'is', 'wikipedia', 'who', 'is', 'still', 'going', 'to', 'the', 'library', 'is', '2022', 'and', 'the', 'question', 'everyone', 'wants', 'to', 'know', 'the', 'answer', 'to', 'were', 'mcdonald', 's', 'fries', 'better', 'when', 'i', 'was', 'a', 'kid', 'https', 't', 'co', 'rm5o1q6jql']","['gladwell', 'answering', 'questions', 'like', 'reliable', 'wikipedia', 'still', 'going', 'library', '2022', 'question', 'everyone', 'wants', 'know', 'answer', 'mcdonald', 'fries', 'better', 'kid', 'rm5o1q6jql']",gladwell answering questions like reliable wikipedia still going library 2022 question everyone wants know answer mcdonald fries better kid rm5o1q6jql,gladwell answering questions like reliable wikipedia still going library 2022 question everyone wants know answer mcdonald fries better kid rm5o1q6jql
92,2022-11-13 06:36:54+00:00,"the tragrdy of alan moore, if there is one, is that his 1980s comics workâ€”watchmen, v for vendettaâ€”has been perpetually misunderstood by an audience too eager to learn the wrong lessons. https://t.co/u053i8htnd","['the', 'tragrdy', 'of', 'alan', 'moore', 'if', 'there', 'is', 'one', 'is', 'that', 'his', '1980s', 'comics', 'work', 'watchmen', 'v', 'for', 'vendetta', 'has', 'been', 'perpetually', 'misunderstood', 'by', 'an', 'audience', 'too', 'eager', 'to', 'learn', 'the', 'wrong', 'lessons', 'https', 't', 'co', 'u053i8htnd']","['tragrdy', 'alan', 'moore', 'one', '1980s', 'comics', 'work', 'watchmen', 'v', 'vendetta', 'perpetually', 'misunderstood', 'audience', 'eager', 'learn', 'wrong', 'lessons', 'u053i8htnd']",tragrdy alan moore one 1980s comics work watchmen vendetta perpetually misunderstood audience eager learn wrong lessons u053i8htnd,tragrdy alan moore one 1980s comics work watchmen vendetta perpetually misunderstood audience eager learn wrong lessons u053i8htnd
93,2022-11-13 05:37:24+00:00,"knowing why you ""revenge procrastinate"" can help you get out of this vicious cycle. (from 2021) https://t.co/jrtubmkavb","['knowing', 'why', 'you', 'revenge', 'procrastinate', 'can', 'help', 'you', 'get', 'out', 'of', 'this', 'vicious', 'cycle', 'from', '2021', 'https', 't', 'co', 'jrtubmkavb']","['knowing', 'revenge', 'procrastinate', 'help', 'get', 'vicious', 'cycle', '2021', 'jrtubmkavb']",knowing revenge procrastinate help get vicious cycle 2021 jrtubmkavb,knowing revenge procrastinate help get vicious cycle 2021 jrtubmkavb
94,2022-11-13 04:36:31+00:00,"no, they're not day-trading doge on robinhood. https://t.co/b8lhmrckwp","['no', 'they', 're', 'not', 'day', 'trading', 'doge', 'on', 'robinhood', 'https', 't', 'co', 'b8lhmrckwp']","['day', 'trading', 'doge', 'robinhood', 'b8lhmrckwp']",day trading doge robinhood b8lhmrckwp,day trading doge robinhood b8lhmrckwp
95,2022-11-13 03:37:12+00:00,maybe the real driver of innovation isn't lone geniuses afterall. (from 2019) via wired uk https://t.co/s4x52mdxn1,"['maybe', 'the', 'real', 'driver', 'of', 'innovation', 'isn', 't', 'lone', 'geniuses', 'afterall', 'from', '2019', 'via', 'wired', 'uk', 'https', 't', 'co', 's4x52mdxn1']","['maybe', 'real', 'driver', 'innovation', 'lone', 'geniuses', 'afterall', '2019', 'via', 'wired', 'uk', 's4x52mdxn1']",maybe real driver innovation lone geniuses afterall 2019 via wired s4x52mdxn1,maybe real driver innovation lone geniuses afterall 2019 via wired s4x52mdxn1
96,2022-11-13 03:00:00+00:00,"unboxing the new #apple #ipad (10th generation)
wired: modern redesign with fun colors. bigger display. upgraded rear camera. faster chip.
tired: it's expensive! https://t.co/6fcf0qol9c","['unboxing', 'the', 'new', 'apple', 'ipad', '10th', 'generation', 'wired', 'modern', 'redesign', 'with', 'fun', 'colors', 'bigger', 'display', 'upgraded', 'rear', 'camera', 'faster', 'chip', 'tired', 'it', 's', 'expensive', 'https', 't', 'co', '6fcf0qol9c']","['unboxing', 'new', 'apple', 'ipad', '10th', 'generation', 'wired', 'modern', 'redesign', 'fun', 'colors', 'bigger', 'display', 'upgraded', 'rear', 'camera', 'faster', 'chip', 'tired', 'expensive', '6fcf0qol9c']",unboxing new apple ipad 10th generation wired modern redesign fun colors bigger display upgraded rear camera faster chip tired expensive 6fcf0qol9c,unboxing new apple ipad 10th generation wired modern redesign fun colors bigger display upgraded rear camera faster chip tired expensive 6fcf0qol9c
97,2022-11-13 02:48:20+00:00,hydroponics: not just for growing dank weed anymore. (from 2021) https://t.co/eozxpcuyfc,"['hydroponics', 'not', 'just', 'for', 'growing', 'dank', 'weed', 'anymore', 'from', '2021', 'https', 't', 'co', 'eozxpcuyfc']","['hydroponics', 'growing', 'dank', 'weed', 'anymore', '2021', 'eozxpcuyfc']",hydroponics growing dank weed anymore 2021 eozxpcuyfc,hydroponics growing dank weed anymore 2021 eozxpcuyfc
98,2022-11-13 01:56:38+00:00,"in 1995, a wired cofounder made a $1,000 bet, funded by his joint account with his wife. twenty-five years later, the deadline is finally here.
(from 2021) https://t.co/rat6ig8t8j","['in', '1995', 'a', 'wired', 'cofounder', 'made', 'a', '1', '000', 'bet', 'funded', 'by', 'his', 'joint', 'account', 'with', 'his', 'wife', 'twenty', 'five', 'years', 'later', 'the', 'deadline', 'is', 'finally', 'here', 'from', '2021', 'https', 't', 'co', 'rat6ig8t8j']","['1995', 'wired', 'cofounder', 'made', '1', '000', 'bet', 'funded', 'joint', 'account', 'wife', 'twenty', 'five', 'years', 'later', 'deadline', 'finally', '2021', 'rat6ig8t8j']",1995 wired cofounder made 000 bet funded joint account wife twenty five years later deadline finally 2021 rat6ig8t8j,1995 wired cofounder made 000 bet funded joint account wife twenty five years later deadline finally 2021 rat6ig8t8j
99,2022-11-13 01:04:03+00:00,"what's really going on with the mysterious ""no-vid""?  https://t.co/bgmxhtnxgn","['what', 's', 'really', 'going', 'on', 'with', 'the', 'mysterious', 'no', 'vid', 'https', 't', 'co', 'bgmxhtnxgn']","['really', 'going', 'mysterious', 'vid', 'bgmxhtnxgn']",really going mysterious vid bgmxhtnxgn,really going mysterious vid bgmxhtnxgn
