Unnamed: 0,text,created_at,text_token,text_token_s,text_si,text_sil
0,politics podcast: why democrats beat historical trends in 2022 https://t.co/evfr1x6ajt,2022-11-15 14:16:26+00:00,"['politics', 'podcast', 'why', 'democrats', 'beat', 'historical', 'trends', 'in', '2022', 'https', 't', 'co', 'evfr1x6ajt']","['politics', 'podcast', 'democrats', 'beat', 'historical', 'trends', '2022', 'evfr1x6ajt']",politics podcast democrats beat historical trends 2022 evfr1x6ajt,politics podcast democrats beat historical trends 2022 evfr1x6ajt
1,"the best nfl receivers, according to espn analytics: https://t.co/yej0whsyyo",2022-11-15 01:29:02+00:00,"['the', 'best', 'nfl', 'receivers', 'according', 'to', 'espn', 'analytics', 'https', 't', 'co', 'yej0whsyyo']","['best', 'nfl', 'receivers', 'according', 'espn', 'analytics', 'yej0whsyyo']",best nfl receivers according espn analytics yej0whsyyo,best nfl receivers according espn analytics yej0whsyyo
2,the colts hired jeff saturday as head coach. we have questions. https://t.co/0aylajpqaj,2022-11-15 00:45:06+00:00,"['the', 'colts', 'hired', 'jeff', 'saturday', 'as', 'head', 'coach', 'we', 'have', 'questions', 'https', 't', 'co', '0aylajpqaj']","['colts', 'hired', 'jeff', 'saturday', 'head', 'coach', 'questions', '0aylajpqaj']",colts hired jeff saturday head coach questions 0aylajpqaj,colts hired jeff saturday head coach questions 0aylajpqaj
3,"while many factors have influenced the midterm results, the overall trend suggests that playing to voters who deny the results of the 2020 election wasn’t a winning strategy by itself. https://t.co/eztoucxi2p",2022-11-14 23:43:02+00:00,"['while', 'many', 'factors', 'have', 'influenced', 'the', 'midterm', 'results', 'the', 'overall', 'trend', 'suggests', 'that', 'playing', 'to', 'voters', 'who', 'deny', 'the', 'results', 'of', 'the', '2020', 'election', 'wasn', 't', 'a', 'winning', 'strategy', 'by', 'itself', 'https', 't', 'co', 'eztoucxi2p']","['many', 'factors', 'influenced', 'midterm', 'results', 'overall', 'trend', 'suggests', 'playing', 'voters', 'deny', 'results', '2020', 'election', 'winning', 'strategy', 'eztoucxi2p']",many factors influenced midterm results overall trend suggests playing voters deny results 2020 election winning strategy eztoucxi2p,many factors influenced midterm results overall trend suggests playing voters deny results 2020 election winning strategy eztoucxi2p
4,our nba predictions: https://t.co/xhafm9ephk,2022-11-14 22:45:10+00:00,"['our', 'nba', 'predictions', 'https', 't', 'co', 'xhafm9ephk']","['nba', 'predictions', 'xhafm9ephk']",nba predictions xhafm9ephk,nba predictions xhafm9ephk
5,it's clear that the end of roe v. wade turned abortion access into one of the most salient issues in the country — which means you’re going to be hearing a lot more about it as the 2024 presidential campaign creaks into gear. https://t.co/ykfxblqrbf,2022-11-14 22:10:04+00:00,"['it', 's', 'clear', 'that', 'the', 'end', 'of', 'roe', 'v', 'wade', 'turned', 'abortion', 'access', 'into', 'one', 'of', 'the', 'most', 'salient', 'issues', 'in', 'the', 'country', 'which', 'means', 'you', 're', 'going', 'to', 'be', 'hearing', 'a', 'lot', 'more', 'about', 'it', 'as', 'the', '2024', 'presidential', 'campaign', 'creaks', 'into', 'gear', 'https', 't', 'co', 'ykfxblqrbf']","['clear', 'end', 'roe', 'v', 'wade', 'turned', 'abortion', 'access', 'one', 'salient', 'issues', 'country', 'means', 'going', 'hearing', 'lot', '2024', 'presidential', 'campaign', 'creaks', 'gear', 'ykfxblqrbf']",clear end roe wade turned abortion access one salient issues country means going hearing lot 2024 presidential campaign creaks gear ykfxblqrbf,clear end roe wade turned abortion access one salient issues country means going hearing lot 2024 presidential campaign creaks gear ykfxblqrbf
6,"our updating calculation of the president's approval rating accounts for each poll's quality, recency, sample size and partisan lean. https://t.co/0o2qgh4umz",2022-11-14 22:03:07+00:00,"['our', 'updating', 'calculation', 'of', 'the', 'president', 's', 'approval', 'rating', 'accounts', 'for', 'each', 'poll', 's', 'quality', 'recency', 'sample', 'size', 'and', 'partisan', 'lean', 'https', 't', 'co', '0o2qgh4umz']","['updating', 'calculation', 'president', 'approval', 'rating', 'accounts', 'poll', 'quality', 'recency', 'sample', 'size', 'partisan', 'lean', '0o2qgh4umz']",updating calculation president approval rating accounts poll quality recency sample size partisan lean 0o2qgh4umz,updating calculation president approval rating accounts poll quality recency sample size partisan lean 0o2qgh4umz
7,"justin jefferson grabbed some footballs, and the vikings grabbed some respect https://t.co/eq5rd50i46",2022-11-14 20:50:06+00:00,"['justin', 'jefferson', 'grabbed', 'some', 'footballs', 'and', 'the', 'vikings', 'grabbed', 'some', 'respect', 'https', 't', 'co', 'eq5rd50i46']","['justin', 'jefferson', 'grabbed', 'footballs', 'vikings', 'grabbed', 'respect', 'eq5rd50i46']",justin jefferson grabbed footballs vikings grabbed respect eq5rd50i46,justin jefferson grabbed footballs vikings grabbed respect eq5rd50i46
8,.@galendruke takes a look at the unresolved races that will determine control of the house: https://t.co/iwd5aj6atd,2022-11-14 20:27:41+00:00,"['galendruke', 'takes', 'a', 'look', 'at', 'the', 'unresolved', 'races', 'that', 'will', 'determine', 'control', 'of', 'the', 'house', 'https', 't', 'co', 'iwd5aj6atd']","['galendruke', 'takes', 'look', 'unresolved', 'races', 'determine', 'control', 'house', 'iwd5aj6atd']",galendruke takes look unresolved races determine control house iwd5aj6atd,galendruke takes look unresolved races determine control house iwd5aj6atd
9,do you buy that … sen. raphael warnock is favored in georgia’s senate runoff? with @natesilver538: https://t.co/vnobhf5qpr,2022-11-14 20:20:05+00:00,"['do', 'you', 'buy', 'that', 'sen', 'raphael', 'warnock', 'is', 'favored', 'in', 'georgia', 's', 'senate', 'runoff', 'with', 'natesilver538', 'https', 't', 'co', 'vnobhf5qpr']","['buy', 'sen', 'raphael', 'warnock', 'favored', 'georgia', 'senate', 'runoff', 'natesilver538', 'vnobhf5qpr']",buy sen raphael warnock favored georgia senate runoff natesilver538 vnobhf5qpr,buy sen raphael warnock favored georgia senate runoff natesilver538 vnobhf5qpr
10,arizona’s race for governor is still in suspense. #election2022 https://t.co/meycptsjvt,2022-11-14 19:19:07+00:00,"['arizona', 's', 'race', 'for', 'governor', 'is', 'still', 'in', 'suspense', 'election2022', 'https', 't', 'co', 'meycptsjvt']","['arizona', 'race', 'governor', 'still', 'suspense', 'election2022', 'meycptsjvt']",arizona race governor still suspense election2022 meycptsjvt,arizona race governor still suspense election2022 meycptsjvt
11,.@abc is reporting that republican lori chavez-deremer is projected to win oregon’s 5th district. this light-blue seat is a big gain for republicans. #election2022 https://t.co/vtw9xzj8ti,2022-11-14 18:46:19+00:00,"['abc', 'is', 'reporting', 'that', 'republican', 'lori', 'chavez', 'deremer', 'is', 'projected', 'to', 'win', 'oregon', 's', '5th', 'district', 'this', 'light', 'blue', 'seat', 'is', 'a', 'big', 'gain', 'for', 'republicans', 'election2022', 'https', 't', 'co', 'vtw9xzj8ti']","['abc', 'reporting', 'republican', 'lori', 'chavez', 'deremer', 'projected', 'win', 'oregon', '5th', 'district', 'light', 'blue', 'seat', 'big', 'gain', 'republicans', 'election2022', 'vtw9xzj8ti']",abc reporting republican lori chavez deremer projected win oregon 5th district light blue seat big gain republicans election2022 vtw9xzj8ti,abc reporting republican lori chavez deremer projected win oregon 5th district light blue seat big gain republicans election2022 vtw9xzj8ti
12,"voters almost universally rejected election deniers who ran for secretary of state, an office that is typically a state’s top election official and responsible for administering elections, enforcing election laws and certifying results. https://t.co/lwcf9yrfce",2022-11-14 18:35:06+00:00,"['voters', 'almost', 'universally', 'rejected', 'election', 'deniers', 'who', 'ran', 'for', 'secretary', 'of', 'state', 'an', 'office', 'that', 'is', 'typically', 'a', 'state', 's', 'top', 'election', 'official', 'and', 'responsible', 'for', 'administering', 'elections', 'enforcing', 'election', 'laws', 'and', 'certifying', 'results', 'https', 't', 'co', 'lwcf9yrfce']","['voters', 'almost', 'universally', 'rejected', 'election', 'deniers', 'ran', 'secretary', 'state', 'office', 'typically', 'state', 'top', 'election', 'official', 'responsible', 'administering', 'elections', 'enforcing', 'election', 'laws', 'certifying', 'results', 'lwcf9yrfce']",voters almost universally rejected election deniers ran secretary state office typically state top election official responsible administering elections enforcing election laws certifying results lwcf9yrfce,voters almost universally rejected election deniers ran secretary state office typically state top election official responsible administering elections enforcing election laws certifying results lwcf9yrfce
13,"democrats take control of the senate, but the house is still too close to call: https://t.co/1evnyhtlhn",2022-11-14 18:33:56+00:00,"['democrats', 'take', 'control', 'of', 'the', 'senate', 'but', 'the', 'house', 'is', 'still', 'too', 'close', 'to', 'call', 'https', 't', 'co', '1evnyhtlhn']","['democrats', 'take', 'control', 'senate', 'house', 'still', 'close', 'call', '1evnyhtlhn']",democrats take control senate house still close call 1evnyhtlhn,democrats take control senate house still close call 1evnyhtlhn
14,"welcome to our unresolved races live blog, where we will be updating you on all the elections where we don’t yet have a projected winner: https://t.co/fqe15ncurn",2022-11-14 17:14:57+00:00,"['welcome', 'to', 'our', 'unresolved', 'races', 'live', 'blog', 'where', 'we', 'will', 'be', 'updating', 'you', 'on', 'all', 'the', 'elections', 'where', 'we', 'don', 't', 'yet', 'have', 'a', 'projected', 'winner', 'https', 't', 'co', 'fqe15ncurn']","['welcome', 'unresolved', 'races', 'live', 'blog', 'updating', 'elections', 'yet', 'projected', 'winner', 'fqe15ncurn']",welcome unresolved races live blog updating elections yet projected winner fqe15ncurn,welcome unresolved races live blog updating elections yet projected winner fqe15ncurn
15,.@natesilver538 breaks down the odds for the upcoming georgia runoff election: https://t.co/usb84bu9h5,2022-11-14 16:41:56+00:00,"['natesilver538', 'breaks', 'down', 'the', 'odds', 'for', 'the', 'upcoming', 'georgia', 'runoff', 'election', 'https', 't', 'co', 'usb84bu9h5']","['natesilver538', 'breaks', 'odds', 'upcoming', 'georgia', 'runoff', 'election', 'usb84bu9h5']",natesilver538 breaks odds upcoming georgia runoff election usb84bu9h5,natesilver538 breaks odds upcoming georgia runoff election usb84bu9h5
16,polls &gt; vibes https://t.co/h17imsxa7d,2022-11-14 16:13:46+00:00,"['polls', 'gt', 'vibes', 'https', 't', 'co', 'h17imsxa7d']","['polls', 'gt', 'vibes', 'h17imsxa7d']",polls vibes h17imsxa7d,polls vibes h17imsxa7d
17,does trading for an nba star work? it's complicated. https://t.co/nnriwcd4cx,2022-11-14 15:21:03+00:00,"['does', 'trading', 'for', 'an', 'nba', 'star', 'work', 'it', 's', 'complicated', 'https', 't', 'co', 'nnriwcd4cx']","['trading', 'nba', 'star', 'work', 'complicated', 'nnriwcd4cx']",trading nba star work complicated nnriwcd4cx,trading nba star work complicated nnriwcd4cx
18,the midterm election results look like a striking rebuke of the supreme court's decision to overturn roe v. wade. https://t.co/jwqe834c7h,2022-11-14 14:45:05+00:00,"['the', 'midterm', 'election', 'results', 'look', 'like', 'a', 'striking', 'rebuke', 'of', 'the', 'supreme', 'court', 's', 'decision', 'to', 'overturn', 'roe', 'v', 'wade', 'https', 't', 'co', 'jwqe834c7h']","['midterm', 'election', 'results', 'look', 'like', 'striking', 'rebuke', 'supreme', 'court', 'decision', 'overturn', 'roe', 'v', 'wade', 'jwqe834c7h']",midterm election results look like striking rebuke supreme court decision overturn roe wade jwqe834c7h,midterm election results look like striking rebuke supreme court decision overturn roe wade jwqe834c7h
19,denying the 2020 election wasn’t a winning strategy for political newcomers https://t.co/v5idm0xvag,2022-11-14 14:16:33+00:00,"['denying', 'the', '2020', 'election', 'wasn', 't', 'a', 'winning', 'strategy', 'for', 'political', 'newcomers', 'https', 't', 'co', 'v5idm0xvag']","['denying', '2020', 'election', 'winning', 'strategy', 'political', 'newcomers', 'v5idm0xvag']",denying 2020 election winning strategy political newcomers v5idm0xvag,denying 2020 election winning strategy political newcomers v5idm0xvag
20,"last night, abc news reported that catherine cortez masto is projected to win nevada’s senate race, defeating republican adam laxalt. 

that gives democrats 50 seats and a senate majority with vice president harris’s vote. https://t.co/1ncmqiuuqw",2022-11-13 15:48:26+00:00,"['last', 'night', 'abc', 'news', 'reported', 'that', 'catherine', 'cortez', 'masto', 'is', 'projected', 'to', 'win', 'nevada', 's', 'senate', 'race', 'defeating', 'republican', 'adam', 'laxalt', 'that', 'gives', 'democrats', '50', 'seats', 'and', 'a', 'senate', 'majority', 'with', 'vice', 'president', 'harris', 's', 'vote', 'https', 't', 'co', '1ncmqiuuqw']","['last', 'night', 'abc', 'news', 'reported', 'catherine', 'cortez', 'masto', 'projected', 'win', 'nevada', 'senate', 'race', 'defeating', 'republican', 'adam', 'laxalt', 'gives', 'democrats', '50', 'seats', 'senate', 'majority', 'vice', 'president', 'harris', 'vote', '1ncmqiuuqw']",last night abc news reported catherine cortez masto projected win nevada senate race defeating republican adam laxalt gives democrats seats senate majority vice president harris vote 1ncmqiuuqw,last night abc news reported catherine cortez masto projected win nevada senate race defeating republican adam laxalt gives democrats seats senate majority vice president harris vote 1ncmqiuuqw
21,"karen bass took the lead over rick caruso in the los angeles mayoral race tonight. she now leads 50.4% to 49.6%, and if the primary is any indication, her lead should only grow from here. https://t.co/byasvqkfcg",2022-11-12 04:07:10+00:00,"['karen', 'bass', 'took', 'the', 'lead', 'over', 'rick', 'caruso', 'in', 'the', 'los', 'angeles', 'mayoral', 'race', 'tonight', 'she', 'now', 'leads', '50', '4', 'to', '49', '6', 'and', 'if', 'the', 'primary', 'is', 'any', 'indication', 'her', 'lead', 'should', 'only', 'grow', 'from', 'here', 'https', 't', 'co', 'byasvqkfcg']","['karen', 'bass', 'took', 'lead', 'rick', 'caruso', 'los', 'angeles', 'mayoral', 'race', 'tonight', 'leads', '50', '4', '49', '6', 'primary', 'indication', 'lead', 'grow', 'byasvqkfcg']",karen bass took lead rick caruso los angeles mayoral race tonight leads primary indication lead grow byasvqkfcg,karen bass took lead rick caruso los angeles mayoral race tonight leads primary indication lead grow byasvqkfcg
22,latest election results --&gt; https://t.co/vsx3s6bigp,2022-11-12 03:42:37+00:00,"['latest', 'election', 'results', 'gt', 'https', 't', 'co', 'vsx3s6bigp']","['latest', 'election', 'results', 'gt', 'vsx3s6bigp']",latest election results vsx3s6bigp,latest election results vsx3s6bigp
23,"with the latest update from maricopa county, hobbs extends her lead over lake to 31,097 votes (51% to 49%) in arizona’s governor race. https://t.co/avndrklgb3",2022-11-12 03:40:57+00:00,"['with', 'the', 'latest', 'update', 'from', 'maricopa', 'county', 'hobbs', 'extends', 'her', 'lead', 'over', 'lake', 'to', '31', '097', 'votes', '51', 'to', '49', 'in', 'arizona', 's', 'governor', 'race', 'https', 't', 'co', 'avndrklgb3']","['latest', 'update', 'maricopa', 'county', 'hobbs', 'extends', 'lead', 'lake', '31', '097', 'votes', '51', '49', 'arizona', 'governor', 'race', 'avndrklgb3']",latest update maricopa county hobbs extends lead lake 097 votes arizona governor race avndrklgb3,latest update maricopa county hobbs extends lead lake 097 votes arizona governor race avndrklgb3
24,"abc news is reporting that democrat adrian fontes is projected to win the arizona secretary of state’s race. he leads republican mark finchem, who was involved in efforts to overturn biden’s 2020 win in arizona, 53% to 47%. https://t.co/qihfdpfqnb",2022-11-12 03:39:45+00:00,"['abc', 'news', 'is', 'reporting', 'that', 'democrat', 'adrian', 'fontes', 'is', 'projected', 'to', 'win', 'the', 'arizona', 'secretary', 'of', 'state', 's', 'race', 'he', 'leads', 'republican', 'mark', 'finchem', 'who', 'was', 'involved', 'in', 'efforts', 'to', 'overturn', 'biden', 's', '2020', 'win', 'in', 'arizona', '53', 'to', '47', 'https', 't', 'co', 'qihfdpfqnb']","['abc', 'news', 'reporting', 'democrat', 'adrian', 'fontes', 'projected', 'win', 'arizona', 'secretary', 'state', 'race', 'leads', 'republican', 'mark', 'finchem', 'involved', 'efforts', 'overturn', 'biden', '2020', 'win', 'arizona', '53', '47', 'qihfdpfqnb']",abc news reporting democrat adrian fontes projected win arizona secretary state race leads republican mark finchem involved efforts overturn biden 2020 win arizona qihfdpfqnb,abc news reporting democrat adrian fontes projected win arizona secretary state race leads republican mark finchem involved efforts overturn biden 2020 win arizona qihfdpfqnb
25,"earlier tonight, abc news reported that democratic rep. susie lee is projected to win nevada’s 3rd congressional district. lee’s victory means that democrats will control three of the silver state’s four house seats. https://t.co/9ewwnphrpg",2022-11-12 03:37:16+00:00,"['earlier', 'tonight', 'abc', 'news', 'reported', 'that', 'democratic', 'rep', 'susie', 'lee', 'is', 'projected', 'to', 'win', 'nevada', 's', '3rd', 'congressional', 'district', 'lee', 's', 'victory', 'means', 'that', 'democrats', 'will', 'control', 'three', 'of', 'the', 'silver', 'state', 's', 'four', 'house', 'seats', 'https', 't', 'co', '9ewwnphrpg']","['earlier', 'tonight', 'abc', 'news', 'reported', 'democratic', 'rep', 'susie', 'lee', 'projected', 'win', 'nevada', '3rd', 'congressional', 'district', 'lee', 'victory', 'means', 'democrats', 'control', 'three', 'silver', 'state', 'four', 'house', 'seats', '9ewwnphrpg']",earlier tonight abc news reported democratic rep susie lee projected win nevada 3rd congressional district lee victory means democrats control three silver state four house seats 9ewwnphrpg,earlier tonight abc news reported democratic rep susie lee projected win nevada 3rd congressional district lee victory means democrats control three silver state four house seats 9ewwnphrpg
26,"democrats are now projected to have 49 seats in the next u.s. senate, and could clinch a majority with one more seat. 

that could happen as soon as this weekend. https://t.co/r94gvo2o1b https://t.co/hvnfclgkgf",2022-11-12 03:35:11+00:00,"['democrats', 'are', 'now', 'projected', 'to', 'have', '49', 'seats', 'in', 'the', 'next', 'u', 's', 'senate', 'and', 'could', 'clinch', 'a', 'majority', 'with', 'one', 'more', 'seat', 'that', 'could', 'happen', 'as', 'soon', 'as', 'this', 'weekend', 'https', 't', 'co', 'r94gvo2o1b', 'https', 't', 'co', 'hvnfclgkgf']","['democrats', 'projected', '49', 'seats', 'next', 'u', 'senate', 'could', 'clinch', 'majority', 'one', 'seat', 'could', 'happen', 'soon', 'weekend', 'r94gvo2o1b', 'hvnfclgkgf']",democrats projected seats next senate could clinch majority one seat could happen soon weekend r94gvo2o1b hvnfclgkgf,democrats projected seats next senate could clinch majority one seat could happen soon weekend r94gvo2o1b hvnfclgkgf
27,"abc news is reporting that democratic incumbent mark kelly is projected to win arizona’s u.s. senate race. 

maricopa county just reported about 74,000 ballots, and they split for kelly 40,719 votes to 32,318. that stretched kelly’s statewide lead to 52%. https://t.co/pqlebemexo",2022-11-12 03:33:11+00:00,"['abc', 'news', 'is', 'reporting', 'that', 'democratic', 'incumbent', 'mark', 'kelly', 'is', 'projected', 'to', 'win', 'arizona', 's', 'u', 's', 'senate', 'race', 'maricopa', 'county', 'just', 'reported', 'about', '74', '000', 'ballots', 'and', 'they', 'split', 'for', 'kelly', '40', '719', 'votes', 'to', '32', '318', 'that', 'stretched', 'kelly', 's', 'statewide', 'lead', 'to', '52', 'https', 't', 'co', 'pqlebemexo']","['abc', 'news', 'reporting', 'democratic', 'incumbent', 'mark', 'kelly', 'projected', 'win', 'arizona', 'u', 'senate', 'race', 'maricopa', 'county', 'reported', '74', '000', 'ballots', 'split', 'kelly', '40', '719', 'votes', '32', '318', 'stretched', 'kelly', 'statewide', 'lead', '52', 'pqlebemexo']",abc news reporting democratic incumbent mark kelly projected win arizona senate race maricopa county reported 000 ballots split kelly 719 votes 318 stretched kelly statewide lead pqlebemexo,abc news reporting democratic incumbent mark kelly projected win arizona senate race maricopa county reported 000 ballots split kelly 719 votes 318 stretched kelly statewide lead pqlebemexo
28,"republicans are hoping that the early ballots dropped off on election day will be better for them than the ones that reported on wednesday and thursday, which were primarily early ballots dropped off on the saturday, sunday and monday before election day. https://t.co/uoew5tks6t https://t.co/8jymir5yfa",2022-11-11 17:28:41+00:00,"['republicans', 'are', 'hoping', 'that', 'the', 'early', 'ballots', 'dropped', 'off', 'on', 'election', 'day', 'will', 'be', 'better', 'for', 'them', 'than', 'the', 'ones', 'that', 'reported', 'on', 'wednesday', 'and', 'thursday', 'which', 'were', 'primarily', 'early', 'ballots', 'dropped', 'off', 'on', 'the', 'saturday', 'sunday', 'and', 'monday', 'before', 'election', 'day', 'https', 't', 'co', 'uoew5tks6t', 'https', 't', 'co', '8jymir5yfa']","['republicans', 'hoping', 'early', 'ballots', 'dropped', 'election', 'day', 'better', 'ones', 'reported', 'wednesday', 'thursday', 'primarily', 'early', 'ballots', 'dropped', 'saturday', 'sunday', 'monday', 'election', 'day', 'uoew5tks6t', '8jymir5yfa']",republicans hoping early ballots dropped election day better ones reported wednesday thursday primarily early ballots dropped saturday sunday monday election day uoew5tks6t 8jymir5yfa,republicans hoping early ballots dropped election day better ones reported wednesday thursday primarily early ballots dropped saturday sunday monday election day uoew5tks6t 8jymir5yfa
29,"in arizona’s gubernatorial race, we estimate that lake would have to win about 53% of the outstanding ballots in order to win. that hasn’t been happening so far in the vote drops we’ve seen, but it’s certainly within the realm of possibility. https://t.co/ppvyvuunhs https://t.co/p1uzzutlsk",2022-11-11 17:23:41+00:00,"['in', 'arizona', 's', 'gubernatorial', 'race', 'we', 'estimate', 'that', 'lake', 'would', 'have', 'to', 'win', 'about', '53', 'of', 'the', 'outstanding', 'ballots', 'in', 'order', 'to', 'win', 'that', 'hasn', 't', 'been', 'happening', 'so', 'far', 'in', 'the', 'vote', 'drops', 'we', 've', 'seen', 'but', 'it', 's', 'certainly', 'within', 'the', 'realm', 'of', 'possibility', 'https', 't', 'co', 'ppvyvuunhs', 'https', 't', 'co', 'p1uzzutlsk']","['arizona', 'gubernatorial', 'race', 'estimate', 'lake', 'would', 'win', '53', 'outstanding', 'ballots', 'order', 'win', 'happening', 'far', 'vote', 'drops', 'seen', 'certainly', 'within', 'realm', 'possibility', 'ppvyvuunhs', 'p1uzzutlsk']",arizona gubernatorial race estimate lake would win outstanding ballots order win happening far vote drops seen certainly within realm possibility ppvyvuunhs p1uzzutlsk,arizona gubernatorial race estimate lake would win outstanding ballots order win happening far vote drops seen certainly within realm possibility ppvyvuunhs p1uzzutlsk
30,"here’s where things stand in arizona's senate race. about 500,000 ballots remain to be counted, and we estimate that masters would have to win at least 61% of them to get more votes than kelly overall. (kelly currently has a 115,037-vote lead.) https://t.co/onucllja9v https://t.co/dvrajdahj8",2022-11-11 17:14:15+00:00,"['here', 's', 'where', 'things', 'stand', 'in', 'arizona', 's', 'senate', 'race', 'about', '500', '000', 'ballots', 'remain', 'to', 'be', 'counted', 'and', 'we', 'estimate', 'that', 'masters', 'would', 'have', 'to', 'win', 'at', 'least', '61', 'of', 'them', 'to', 'get', 'more', 'votes', 'than', 'kelly', 'overall', 'kelly', 'currently', 'has', 'a', '115', '037', 'vote', 'lead', 'https', 't', 'co', 'onucllja9v', 'https', 't', 'co', 'dvrajdahj8']","['things', 'stand', 'arizona', 'senate', 'race', '500', '000', 'ballots', 'remain', 'counted', 'estimate', 'masters', 'would', 'win', 'least', '61', 'get', 'votes', 'kelly', 'overall', 'kelly', 'currently', '115', '037', 'vote', 'lead', 'onucllja9v', 'dvrajdahj8']",things stand arizona senate race 500 000 ballots remain counted estimate masters would win least get votes kelly overall kelly currently 115 037 vote lead onucllja9v dvrajdahj8,things stand arizona senate race 500 000 ballots remain counted estimate masters would win least get votes kelly overall kelly currently 115 037 vote lead onucllja9v dvrajdahj8
31,latest election results --&gt; https://t.co/pclj7zwxqe,2022-11-11 16:48:42+00:00,"['latest', 'election', 'results', 'gt', 'https', 't', 'co', 'pclj7zwxqe']","['latest', 'election', 'results', 'gt', 'pclj7zwxqe']",latest election results pclj7zwxqe,latest election results pclj7zwxqe
32,"clark is key because it will have almost two-thirds of washington 3rd's total vote. biden carried clark 51% to 46% in 2020, so it’s also clear gluesenkamp perez will outrun biden's showing — but by how much will determine whether she or kent wins. https://t.co/nbklugyqte",2022-11-11 15:49:14+00:00,"['clark', 'is', 'key', 'because', 'it', 'will', 'have', 'almost', 'two', 'thirds', 'of', 'washington', '3rd', 's', 'total', 'vote', 'biden', 'carried', 'clark', '51', 'to', '46', 'in', '2020', 'so', 'it', 's', 'also', 'clear', 'gluesenkamp', 'perez', 'will', 'outrun', 'biden', 's', 'showing', 'but', 'by', 'how', 'much', 'will', 'determine', 'whether', 'she', 'or', 'kent', 'wins', 'https', 't', 'co', 'nbklugyqte']","['clark', 'key', 'almost', 'two', 'thirds', 'washington', '3rd', 'total', 'vote', 'biden', 'carried', 'clark', '51', '46', '2020', 'also', 'clear', 'gluesenkamp', 'perez', 'outrun', 'biden', 'showing', 'much', 'determine', 'whether', 'kent', 'wins', 'nbklugyqte']",clark key almost two thirds washington 3rd total vote biden carried clark 2020 also clear gluesenkamp perez outrun biden showing much determine whether kent wins nbklugyqte,clark key almost two thirds washington 3rd total vote biden carried clark 2020 also clear gluesenkamp perez outrun biden showing much determine whether kent wins nbklugyqte
33,we're still watching the vote trickle in. https://t.co/ylydtagbvg,2022-11-11 15:23:21+00:00,"['we', 're', 'still', 'watching', 'the', 'vote', 'trickle', 'in', 'https', 't', 'co', 'ylydtagbvg']","['still', 'watching', 'vote', 'trickle', 'ylydtagbvg']",still watching vote trickle ylydtagbvg,still watching vote trickle ylydtagbvg
34,"last night, abc news reported that democratic reps. dina titus and steven horsford are projected to win nevada’s 1st and 4th. titus was in a toss-up race and had been unhappy about the dem-drawn map, which turned her solid blue seat light blue. https://t.co/g2g1exjycg",2022-11-11 15:22:50+00:00,"['last', 'night', 'abc', 'news', 'reported', 'that', 'democratic', 'reps', 'dina', 'titus', 'and', 'steven', 'horsford', 'are', 'projected', 'to', 'win', 'nevada', 's', '1st', 'and', '4th', 'titus', 'was', 'in', 'a', 'toss', 'up', 'race', 'and', 'had', 'been', 'unhappy', 'about', 'the', 'dem', 'drawn', 'map', 'which', 'turned', 'her', 'solid', 'blue', 'seat', 'light', 'blue', 'https', 't', 'co', 'g2g1exjycg']","['last', 'night', 'abc', 'news', 'reported', 'democratic', 'reps', 'dina', 'titus', 'steven', 'horsford', 'projected', 'win', 'nevada', '1st', '4th', 'titus', 'toss', 'race', 'unhappy', 'dem', 'drawn', 'map', 'turned', 'solid', 'blue', 'seat', 'light', 'blue', 'g2g1exjycg']",last night abc news reported democratic reps dina titus steven horsford projected win nevada 1st 4th titus toss race unhappy dem drawn map turned solid blue seat light blue g2g1exjycg,last night abc news reported democratic reps dina titus steven horsford projected win nevada 1st 4th titus toss race unhappy dem drawn map turned solid blue seat light blue g2g1exjycg
35,"based on abc news estimates, there are a bit more than 90,000 votes left to tally in nevada, which we also know are mostly mail-in ballots and likely to be democratic-leaning votes. https://t.co/eptpiezdhl",2022-11-11 15:18:24+00:00,"['based', 'on', 'abc', 'news', 'estimates', 'there', 'are', 'a', 'bit', 'more', 'than', '90', '000', 'votes', 'left', 'to', 'tally', 'in', 'nevada', 'which', 'we', 'also', 'know', 'are', 'mostly', 'mail', 'in', 'ballots', 'and', 'likely', 'to', 'be', 'democratic', 'leaning', 'votes', 'https', 't', 'co', 'eptpiezdhl']","['based', 'abc', 'news', 'estimates', 'bit', '90', '000', 'votes', 'left', 'tally', 'nevada', 'also', 'know', 'mostly', 'mail', 'ballots', 'likely', 'democratic', 'leaning', 'votes', 'eptpiezdhl']",based abc news estimates bit 000 votes left tally nevada also know mostly mail ballots likely democratic leaning votes eptpiezdhl,based abc news estimates bit 000 votes left tally nevada also know mostly mail ballots likely democratic leaning votes eptpiezdhl
36,"in the senate contest, cortez masto led laxalt among those ballots, 61% to 36%, while sisolak led lombardo 58% to 37% in the governor’s race. statewide, laxalt now leads cortez masto by just 1 percentage point, while lombardo holds a 3.1-point advantage. https://t.co/gimxviowmv https://t.co/m18fdcdpuw",2022-11-11 15:15:11+00:00,"['in', 'the', 'senate', 'contest', 'cortez', 'masto', 'led', 'laxalt', 'among', 'those', 'ballots', '61', 'to', '36', 'while', 'sisolak', 'led', 'lombardo', '58', 'to', '37', 'in', 'the', 'governor', 's', 'race', 'statewide', 'laxalt', 'now', 'leads', 'cortez', 'masto', 'by', 'just', '1', 'percentage', 'point', 'while', 'lombardo', 'holds', 'a', '3', '1', 'point', 'advantage', 'https', 't', 'co', 'gimxviowmv', 'https', 't', 'co', 'm18fdcdpuw']","['senate', 'contest', 'cortez', 'masto', 'led', 'laxalt', 'among', 'ballots', '61', '36', 'sisolak', 'led', 'lombardo', '58', '37', 'governor', 'race', 'statewide', 'laxalt', 'leads', 'cortez', 'masto', '1', 'percentage', 'point', 'lombardo', 'holds', '3', '1', 'point', 'advantage', 'gimxviowmv', 'm18fdcdpuw']",senate contest cortez masto led laxalt among ballots sisolak led lombardo governor race statewide laxalt leads cortez masto percentage point lombardo holds point advantage gimxviowmv m18fdcdpuw,senate contest cortez masto led laxalt among ballots sisolak led lombardo governor race statewide laxalt leads cortez masto percentage point lombardo holds point advantage gimxviowmv m18fdcdpuw
37,"we have new numbers in nevada’s senate and gubernatorial races since last night. washoe county released an updated count close to midnight eastern yesterday that included 18,000 newly tallied votes. https://t.co/yh7sjojk2j",2022-11-11 15:12:42+00:00,"['we', 'have', 'new', 'numbers', 'in', 'nevada', 's', 'senate', 'and', 'gubernatorial', 'races', 'since', 'last', 'night', 'washoe', 'county', 'released', 'an', 'updated', 'count', 'close', 'to', 'midnight', 'eastern', 'yesterday', 'that', 'included', '18', '000', 'newly', 'tallied', 'votes', 'https', 't', 'co', 'yh7sjojk2j']","['new', 'numbers', 'nevada', 'senate', 'gubernatorial', 'races', 'since', 'last', 'night', 'washoe', 'county', 'released', 'updated', 'count', 'close', 'midnight', 'eastern', 'yesterday', 'included', '18', '000', 'newly', 'tallied', 'votes', 'yh7sjojk2j']",new numbers nevada senate gubernatorial races since last night washoe county released updated count close midnight eastern yesterday included 000 newly tallied votes yh7sjojk2j,new numbers nevada senate gubernatorial races since last night washoe county released updated count close midnight eastern yesterday included 000 newly tallied votes yh7sjojk2j
38,"today, we can probably expect a handful more projections in individual house races, and maybe in arizona’s senate race if ballot drops are as good for democrats as they were on wednesday and thursday. https://t.co/3yjvu63d0e",2022-11-11 15:09:03+00:00,"['today', 'we', 'can', 'probably', 'expect', 'a', 'handful', 'more', 'projections', 'in', 'individual', 'house', 'races', 'and', 'maybe', 'in', 'arizona', 's', 'senate', 'race', 'if', 'ballot', 'drops', 'are', 'as', 'good', 'for', 'democrats', 'as', 'they', 'were', 'on', 'wednesday', 'and', 'thursday', 'https', 't', 'co', '3yjvu63d0e']","['today', 'probably', 'expect', 'handful', 'projections', 'individual', 'house', 'races', 'maybe', 'arizona', 'senate', 'race', 'ballot', 'drops', 'good', 'democrats', 'wednesday', 'thursday', '3yjvu63d0e']",today probably expect handful projections individual house races maybe arizona senate race ballot drops good democrats wednesday thursday 3yjvu63d0e,today probably expect handful projections individual house races maybe arizona senate race ballot drops good democrats wednesday thursday 3yjvu63d0e
39,"three days after election day, control of the senate and house are still up in the air. https://t.co/qy8lgim71b",2022-11-11 14:56:05+00:00,"['three', 'days', 'after', 'election', 'day', 'control', 'of', 'the', 'senate', 'and', 'house', 'are', 'still', 'up', 'in', 'the', 'air', 'https', 't', 'co', 'qy8lgim71b']","['three', 'days', 'election', 'day', 'control', 'senate', 'house', 'still', 'air', 'qy8lgim71b']",three days election day control senate house still air qy8lgim71b,three days election day control senate house still air qy8lgim71b
40,how 2020 election deniers did in 2022 elections: https://t.co/ot4pkivpyc,2022-11-11 14:50:58+00:00,"['how', '2020', 'election', 'deniers', 'did', 'in', '2022', 'elections', 'https', 't', 'co', 'ot4pkivpyc']","['2020', 'election', 'deniers', '2022', 'elections', 'ot4pkivpyc']",2020 election deniers 2022 elections ot4pkivpyc,2020 election deniers 2022 elections ot4pkivpyc
41,latest election results --&gt; https://t.co/4ucxkoir3j,2022-11-10 23:59:04+00:00,"['latest', 'election', 'results', 'gt', 'https', 't', 'co', '4ucxkoir3j']","['latest', 'election', 'results', 'gt', '4ucxkoir3j']",latest election results 4ucxkoir3j,latest election results 4ucxkoir3j
42,it's clear that the end of roe v. wade turned abortion access into one of the most salient issues in the country — which means you’re going to be hearing a lot more about it as the 2024 presidential campaign creaks into gear. https://t.co/kd338l2yow,2022-11-10 22:04:05+00:00,"['it', 's', 'clear', 'that', 'the', 'end', 'of', 'roe', 'v', 'wade', 'turned', 'abortion', 'access', 'into', 'one', 'of', 'the', 'most', 'salient', 'issues', 'in', 'the', 'country', 'which', 'means', 'you', 're', 'going', 'to', 'be', 'hearing', 'a', 'lot', 'more', 'about', 'it', 'as', 'the', '2024', 'presidential', 'campaign', 'creaks', 'into', 'gear', 'https', 't', 'co', 'kd338l2yow']","['clear', 'end', 'roe', 'v', 'wade', 'turned', 'abortion', 'access', 'one', 'salient', 'issues', 'country', 'means', 'going', 'hearing', 'lot', '2024', 'presidential', 'campaign', 'creaks', 'gear', 'kd338l2yow']",clear end roe wade turned abortion access one salient issues country means going hearing lot 2024 presidential campaign creaks gear kd338l2yow,clear end roe wade turned abortion access one salient issues country means going hearing lot 2024 presidential campaign creaks gear kd338l2yow
43,how 2020 election deniers did in 2022 elections: https://t.co/jqa1qyzs63,2022-11-10 22:01:11+00:00,"['how', '2020', 'election', 'deniers', 'did', 'in', '2022', 'elections', 'https', 't', 'co', 'jqa1qyzs63']","['2020', 'election', 'deniers', '2022', 'elections', 'jqa1qyzs63']",2020 election deniers 2022 elections jqa1qyzs63,2020 election deniers 2022 elections jqa1qyzs63
44,denying the 2020 election wasn’t a winning strategy for political newcomers. https://t.co/ac8cdx6nks,2022-11-10 21:55:49+00:00,"['denying', 'the', '2020', 'election', 'wasn', 't', 'a', 'winning', 'strategy', 'for', 'political', 'newcomers', 'https', 't', 'co', 'ac8cdx6nks']","['denying', '2020', 'election', 'winning', 'strategy', 'political', 'newcomers', 'ac8cdx6nks']",denying 2020 election winning strategy political newcomers ac8cdx6nks,denying 2020 election winning strategy political newcomers ac8cdx6nks
45,how 2020 election deniers did in 2022 elections: https://t.co/tbomkch5st,2022-11-10 21:50:01+00:00,"['how', '2020', 'election', 'deniers', 'did', 'in', '2022', 'elections', 'https', 't', 'co', 'tbomkch5st']","['2020', 'election', 'deniers', '2022', 'elections', 'tbomkch5st']",2020 election deniers 2022 elections tbomkch5st,2020 election deniers 2022 elections tbomkch5st
46,still no calls for balance of power in congress: https://t.co/bus6hwvybm,2022-11-10 21:24:03+00:00,"['still', 'no', 'calls', 'for', 'balance', 'of', 'power', 'in', 'congress', 'https', 't', 'co', 'bus6hwvybm']","['still', 'calls', 'balance', 'power', 'congress', 'bus6hwvybm']",still calls balance power congress bus6hwvybm,still calls balance power congress bus6hwvybm
47,"iowa attorney general tom miller has conceded to his republican challenger, brenna bird. miller had the role for 38 years, and was the longest-serving attorney general in u.s. history. but voters just rejected him. https://t.co/ui5fcxsnoy",2022-11-10 21:17:11+00:00,"['iowa', 'attorney', 'general', 'tom', 'miller', 'has', 'conceded', 'to', 'his', 'republican', 'challenger', 'brenna', 'bird', 'miller', 'had', 'the', 'role', 'for', '38', 'years', 'and', 'was', 'the', 'longest', 'serving', 'attorney', 'general', 'in', 'u', 's', 'history', 'but', 'voters', 'just', 'rejected', 'him', 'https', 't', 'co', 'ui5fcxsnoy']","['iowa', 'attorney', 'general', 'tom', 'miller', 'conceded', 'republican', 'challenger', 'brenna', 'bird', 'miller', 'role', '38', 'years', 'longest', 'serving', 'attorney', 'general', 'u', 'history', 'voters', 'rejected', 'ui5fcxsnoy']",iowa attorney general tom miller conceded republican challenger brenna bird miller role years longest serving attorney general history voters rejected ui5fcxsnoy,iowa attorney general tom miller conceded republican challenger brenna bird miller role years longest serving attorney general history voters rejected ui5fcxsnoy
48,"rep. lauren boebert of colorado’s 3rd district  is in a nail-biter finish with democratic challenger, former aspen city councilman adam frisch. with 96% of the expected vote reporting, boebert has taken the lead — though by fewer than 800 votes. https://t.co/e4jbphezpb",2022-11-10 20:20:46+00:00,"['rep', 'lauren', 'boebert', 'of', 'colorado', 's', '3rd', 'district', 'is', 'in', 'a', 'nail', 'biter', 'finish', 'with', 'democratic', 'challenger', 'former', 'aspen', 'city', 'councilman', 'adam', 'frisch', 'with', '96', 'of', 'the', 'expected', 'vote', 'reporting', 'boebert', 'has', 'taken', 'the', 'lead', 'though', 'by', 'fewer', 'than', '800', 'votes', 'https', 't', 'co', 'e4jbphezpb']","['rep', 'lauren', 'boebert', 'colorado', '3rd', 'district', 'nail', 'biter', 'finish', 'democratic', 'challenger', 'former', 'aspen', 'city', 'councilman', 'adam', 'frisch', '96', 'expected', 'vote', 'reporting', 'boebert', 'taken', 'lead', 'though', 'fewer', '800', 'votes', 'e4jbphezpb']",rep lauren boebert colorado 3rd district nail biter finish democratic challenger former aspen city councilman adam frisch expected vote reporting boebert taken lead though fewer 800 votes e4jbphezpb,rep lauren boebert colorado 3rd district nail biter finish democratic challenger former aspen city councilman adam frisch expected vote reporting boebert taken lead though fewer 800 votes e4jbphezpb
49,an updating average of americans' favorability of former president trump: https://t.co/7ojv7endgd,2022-11-10 18:13:25+00:00,"['an', 'updating', 'average', 'of', 'americans', 'favorability', 'of', 'former', 'president', 'trump', 'https', 't', 'co', '7ojv7endgd']","['updating', 'average', 'americans', 'favorability', 'former', 'president', 'trump', '7ojv7endgd']",updating average americans favorability former president trump 7ojv7endgd,updating average americans favorability former president trump 7ojv7endgd
50,which house and senate seats have changed hands so far: https://t.co/urlpaw4zlw https://t.co/ru149eowur,2022-11-10 18:03:16+00:00,"['which', 'house', 'and', 'senate', 'seats', 'have', 'changed', 'hands', 'so', 'far', 'https', 't', 'co', 'urlpaw4zlw', 'https', 't', 'co', 'ru149eowur']","['house', 'senate', 'seats', 'changed', 'hands', 'far', 'urlpaw4zlw', 'ru149eowur']",house senate seats changed hands far urlpaw4zlw ru149eowur,house senate seats changed hands far urlpaw4zlw ru149eowur
51,"14 house seats have flipped in the midterms so far, with a net gain of +11 seats for republicans — well over the +5 threshold they’d need to take control of the chamber. 

redistricting (read: gerrymandering) is a large part of the reason why. https://t.co/kcznptqdgl",2022-11-10 18:01:38+00:00,"['14', 'house', 'seats', 'have', 'flipped', 'in', 'the', 'midterms', 'so', 'far', 'with', 'a', 'net', 'gain', 'of', '11', 'seats', 'for', 'republicans', 'well', 'over', 'the', '5', 'threshold', 'they', 'd', 'need', 'to', 'take', 'control', 'of', 'the', 'chamber', 'redistricting', 'read', 'gerrymandering', 'is', 'a', 'large', 'part', 'of', 'the', 'reason', 'why', 'https', 't', 'co', 'kcznptqdgl']","['14', 'house', 'seats', 'flipped', 'midterms', 'far', 'net', 'gain', '11', 'seats', 'republicans', 'well', '5', 'threshold', 'need', 'take', 'control', 'chamber', 'redistricting', 'read', 'gerrymandering', 'large', 'part', 'reason', 'kcznptqdgl']",house seats flipped midterms far net gain seats republicans well threshold need take control chamber redistricting read gerrymandering large part reason kcznptqdgl,house seats flipped midterms far net gain seats republicans well threshold need take control chamber redistricting read gerrymandering large part reason kcznptqdgl
52,the colts hired jeff saturday as head coach. we have questions. https://t.co/mvelxzpt4g,2022-11-10 17:50:07+00:00,"['the', 'colts', 'hired', 'jeff', 'saturday', 'as', 'head', 'coach', 'we', 'have', 'questions', 'https', 't', 'co', 'mvelxzpt4g']","['colts', 'hired', 'jeff', 'saturday', 'head', 'coach', 'questions', 'mvelxzpt4g']",colts hired jeff saturday head coach questions mvelxzpt4g,colts hired jeff saturday head coach questions mvelxzpt4g
53,latest election results --&gt; https://t.co/xuzhyvptxi,2022-11-10 17:30:49+00:00,"['latest', 'election', 'results', 'gt', 'https', 't', 'co', 'xuzhyvptxi']","['latest', 'election', 'results', 'gt', 'xuzhyvptxi']",latest election results xuzhyvptxi,latest election results xuzhyvptxi
54,how gubernatorial and secretary of state candidates who have either denied or questioned the legitimacy of the 2020 election are doing in 2022 elections: https://t.co/slbxpvum6m,2022-11-10 17:28:47+00:00,"['how', 'gubernatorial', 'and', 'secretary', 'of', 'state', 'candidates', 'who', 'have', 'either', 'denied', 'or', 'questioned', 'the', 'legitimacy', 'of', 'the', '2020', 'election', 'are', 'doing', 'in', '2022', 'elections', 'https', 't', 'co', 'slbxpvum6m']","['gubernatorial', 'secretary', 'state', 'candidates', 'either', 'denied', 'questioned', 'legitimacy', '2020', 'election', '2022', 'elections', 'slbxpvum6m']",gubernatorial secretary state candidates either denied questioned legitimacy 2020 election 2022 elections slbxpvum6m,gubernatorial secretary state candidates either denied questioned legitimacy 2020 election 2022 elections slbxpvum6m
55,"the status of ""likely republican"" house races --&gt; https://t.co/ahy3kmozdn",2022-11-10 17:23:20+00:00,"['the', 'status', 'of', 'likely', 'republican', 'house', 'races', 'gt', 'https', 't', 'co', 'ahy3kmozdn']","['status', 'likely', 'republican', 'house', 'races', 'gt', 'ahy3kmozdn']",status likely republican house races ahy3kmozdn,status likely republican house races ahy3kmozdn
56,"abc news reports that republican ryan zinke is projected to win montana’s 1st congressional district, where he’s defeated democrat monica tranel. this means montana will now have two republican representatives, since it gained a seat in reapportionment. https://t.co/xraxyrtis9",2022-11-10 17:12:28+00:00,"['abc', 'news', 'reports', 'that', 'republican', 'ryan', 'zinke', 'is', 'projected', 'to', 'win', 'montana', 's', '1st', 'congressional', 'district', 'where', 'he', 's', 'defeated', 'democrat', 'monica', 'tranel', 'this', 'means', 'montana', 'will', 'now', 'have', 'two', 'republican', 'representatives', 'since', 'it', 'gained', 'a', 'seat', 'in', 'reapportionment', 'https', 't', 'co', 'xraxyrtis9']","['abc', 'news', 'reports', 'republican', 'ryan', 'zinke', 'projected', 'win', 'montana', '1st', 'congressional', 'district', 'defeated', 'democrat', 'monica', 'tranel', 'means', 'montana', 'two', 'republican', 'representatives', 'since', 'gained', 'seat', 'reapportionment', 'xraxyrtis9']",abc news reports republican ryan zinke projected win montana 1st congressional district defeated democrat monica tranel means montana two republican representatives since gained seat reapportionment xraxyrtis9,abc news reports republican ryan zinke projected win montana 1st congressional district defeated democrat monica tranel means montana two republican representatives since gained seat reapportionment xraxyrtis9
57,"the 3 largest legislative chambers in the u.s. are the u.s. house (435 members), the new hampshire house (400 members) and the pennsylvania house (203 members). and all three look like they’re going to be decided by extremely narrow margins. https://t.co/vzxnc2tswo",2022-11-10 17:02:12+00:00,"['the', '3', 'largest', 'legislative', 'chambers', 'in', 'the', 'u', 's', 'are', 'the', 'u', 's', 'house', '435', 'members', 'the', 'new', 'hampshire', 'house', '400', 'members', 'and', 'the', 'pennsylvania', 'house', '203', 'members', 'and', 'all', 'three', 'look', 'like', 'they', 're', 'going', 'to', 'be', 'decided', 'by', 'extremely', 'narrow', 'margins', 'https', 't', 'co', 'vzxnc2tswo']","['3', 'largest', 'legislative', 'chambers', 'u', 'u', 'house', '435', 'members', 'new', 'hampshire', 'house', '400', 'members', 'pennsylvania', 'house', '203', 'members', 'three', 'look', 'like', 'going', 'decided', 'extremely', 'narrow', 'margins', 'vzxnc2tswo']",largest legislative chambers house 435 members new hampshire house 400 members pennsylvania house 203 members three look like going decided extremely narrow margins vzxnc2tswo,largest legislative chambers house 435 members new hampshire house 400 members pennsylvania house 203 members three look like going decided extremely narrow margins vzxnc2tswo
58,abc news reports that democratic rep. jahana hayes is projected to win reelection in connecticut’s 5th district. this means it’s quite likely dems will continue to represent every house seat in new england. the only unprojected race there is maine’s 2nd. https://t.co/necb6y6qkc,2022-11-10 16:52:32+00:00,"['abc', 'news', 'reports', 'that', 'democratic', 'rep', 'jahana', 'hayes', 'is', 'projected', 'to', 'win', 'reelection', 'in', 'connecticut', 's', '5th', 'district', 'this', 'means', 'it', 's', 'quite', 'likely', 'dems', 'will', 'continue', 'to', 'represent', 'every', 'house', 'seat', 'in', 'new', 'england', 'the', 'only', 'unprojected', 'race', 'there', 'is', 'maine', 's', '2nd', 'https', 't', 'co', 'necb6y6qkc']","['abc', 'news', 'reports', 'democratic', 'rep', 'jahana', 'hayes', 'projected', 'win', 'reelection', 'connecticut', '5th', 'district', 'means', 'quite', 'likely', 'dems', 'continue', 'represent', 'every', 'house', 'seat', 'new', 'england', 'unprojected', 'race', 'maine', '2nd', 'necb6y6qkc']",abc news reports democratic rep jahana hayes projected win reelection connecticut 5th district means quite likely dems continue represent every house seat new england unprojected race maine 2nd necb6y6qkc,abc news reports democratic rep jahana hayes projected win reelection connecticut 5th district means quite likely dems continue represent every house seat new england unprojected race maine 2nd necb6y6qkc
59,"earlier, abc news reported that democrat gabe vasquez is projected to win new mexico’s 2nd. dems drew the state’s new congressional map with an eye on taking herrell out, shifting the southern-most seat from r+14 to d+4. https://t.co/ixaqezsjkn",2022-11-10 16:50:21+00:00,"['earlier', 'abc', 'news', 'reported', 'that', 'democrat', 'gabe', 'vasquez', 'is', 'projected', 'to', 'win', 'new', 'mexico', 's', '2nd', 'dems', 'drew', 'the', 'state', 's', 'new', 'congressional', 'map', 'with', 'an', 'eye', 'on', 'taking', 'herrell', 'out', 'shifting', 'the', 'southern', 'most', 'seat', 'from', 'r', '14', 'to', 'd', '4', 'https', 't', 'co', 'ixaqezsjkn']","['earlier', 'abc', 'news', 'reported', 'democrat', 'gabe', 'vasquez', 'projected', 'win', 'new', 'mexico', '2nd', 'dems', 'drew', 'state', 'new', 'congressional', 'map', 'eye', 'taking', 'herrell', 'shifting', 'southern', 'seat', 'r', '14', '4', 'ixaqezsjkn']",earlier abc news reported democrat gabe vasquez projected win new mexico 2nd dems drew state new congressional map eye taking herrell shifting southern seat ixaqezsjkn,earlier abc news reported democrat gabe vasquez projected win new mexico 2nd dems drew state new congressional map eye taking herrell shifting southern seat ixaqezsjkn
60,"hobbs leads by 47,000 in maricopa, and kelly leads by 92,572. but in 2020, arizona was one of the few states where republicans gained on wednesday, thursday and friday as more votes were counted. https://t.co/ueqbdcgqy7 https://t.co/hqvj01hets",2022-11-10 16:42:24+00:00,"['hobbs', 'leads', 'by', '47', '000', 'in', 'maricopa', 'and', 'kelly', 'leads', 'by', '92', '572', 'but', 'in', '2020', 'arizona', 'was', 'one', 'of', 'the', 'few', 'states', 'where', 'republicans', 'gained', 'on', 'wednesday', 'thursday', 'and', 'friday', 'as', 'more', 'votes', 'were', 'counted', 'https', 't', 'co', 'ueqbdcgqy7', 'https', 't', 'co', 'hqvj01hets']","['hobbs', 'leads', '47', '000', 'maricopa', 'kelly', 'leads', '92', '572', '2020', 'arizona', 'one', 'states', 'republicans', 'gained', 'wednesday', 'thursday', 'friday', 'votes', 'counted', 'ueqbdcgqy7', 'hqvj01hets']",hobbs leads 000 maricopa kelly leads 572 2020 arizona one states republicans gained wednesday thursday friday votes counted ueqbdcgqy7 hqvj01hets,hobbs leads 000 maricopa kelly leads 572 2020 arizona one states republicans gained wednesday thursday friday votes counted ueqbdcgqy7 hqvj01hets
61,"earlier, abc news reported that democrat yadira caraveo is projected to win colorado’s 8th congressional district. this is a big upset. but colorado really showed up for democrats on tuesday. https://t.co/478wu7gczc",2022-11-10 16:39:21+00:00,"['earlier', 'abc', 'news', 'reported', 'that', 'democrat', 'yadira', 'caraveo', 'is', 'projected', 'to', 'win', 'colorado', 's', '8th', 'congressional', 'district', 'this', 'is', 'a', 'big', 'upset', 'but', 'colorado', 'really', 'showed', 'up', 'for', 'democrats', 'on', 'tuesday', 'https', 't', 'co', '478wu7gczc']","['earlier', 'abc', 'news', 'reported', 'democrat', 'yadira', 'caraveo', 'projected', 'win', 'colorado', '8th', 'congressional', 'district', 'big', 'upset', 'colorado', 'really', 'showed', 'democrats', 'tuesday', '478wu7gczc']",earlier abc news reported democrat yadira caraveo projected win colorado 8th congressional district big upset colorado really showed democrats tuesday 478wu7gczc,earlier abc news reported democrat yadira caraveo projected win colorado 8th congressional district big upset colorado really showed democrats tuesday 478wu7gczc
62,"note: we still don’t know which party will control the senate or the house, but to our eyes, the senate leans democratic at this moment and the house leans republican. https://t.co/9hguwyl53z",2022-11-10 16:37:42+00:00,"['note', 'we', 'still', 'don', 't', 'know', 'which', 'party', 'will', 'control', 'the', 'senate', 'or', 'the', 'house', 'but', 'to', 'our', 'eyes', 'the', 'senate', 'leans', 'democratic', 'at', 'this', 'moment', 'and', 'the', 'house', 'leans', 'republican', 'https', 't', 'co', '9hguwyl53z']","['note', 'still', 'know', 'party', 'control', 'senate', 'house', 'eyes', 'senate', 'leans', 'democratic', 'moment', 'house', 'leans', 'republican', '9hguwyl53z']",note still know party control senate house eyes senate leans democratic moment house leans republican 9hguwyl53z,note still know party control senate house eyes senate leans democratic moment house leans republican 9hguwyl53z
63,most of the tight races we’re watching right now are western states. here are their recount laws: https://t.co/rkxficmomf,2022-11-10 16:36:29+00:00,"['most', 'of', 'the', 'tight', 'races', 'we', 're', 'watching', 'right', 'now', 'are', 'western', 'states', 'here', 'are', 'their', 'recount', 'laws', 'https', 't', 'co', 'rkxficmomf']","['tight', 'races', 'watching', 'right', 'western', 'states', 'recount', 'laws', 'rkxficmomf']",tight races watching right western states recount laws rkxficmomf,tight races watching right western states recount laws rkxficmomf
64,"maricopa county, arizona, has between 400,000 and 410,000 ballots left to count, according to yvonne wingett sanchez of the washington post and brahm resnik of kpnx-tv. the next update from the county will be between 5 p.m. and 8 p.m. local time. https://t.co/oa0in3diyf",2022-11-10 16:35:59+00:00,"['maricopa', 'county', 'arizona', 'has', 'between', '400', '000', 'and', '410', '000', 'ballots', 'left', 'to', 'count', 'according', 'to', 'yvonne', 'wingett', 'sanchez', 'of', 'the', 'washington', 'post', 'and', 'brahm', 'resnik', 'of', 'kpnx', 'tv', 'the', 'next', 'update', 'from', 'the', 'county', 'will', 'be', 'between', '5', 'p', 'm', 'and', '8', 'p', 'm', 'local', 'time', 'https', 't', 'co', 'oa0in3diyf']","['maricopa', 'county', 'arizona', '400', '000', '410', '000', 'ballots', 'left', 'count', 'according', 'yvonne', 'wingett', 'sanchez', 'washington', 'post', 'brahm', 'resnik', 'kpnx', 'tv', 'next', 'update', 'county', '5', 'p', '8', 'p', 'local', 'time', 'oa0in3diyf']",maricopa county arizona 400 000 410 000 ballots left count according yvonne wingett sanchez washington post brahm resnik kpnx next update county local time oa0in3diyf,maricopa county arizona 400 000 410 000 ballots left count according yvonne wingett sanchez washington post brahm resnik kpnx next update county local time oa0in3diyf
65,"abortion-rights supporters managed to enshrine the right to abortion in three state constitutions, including the crucial state of michigan, where a near-total ban on abortion from 1931 has been tangled up in court battles for months. https://t.co/19gwxqy83f",2022-11-10 16:32:05+00:00,"['abortion', 'rights', 'supporters', 'managed', 'to', 'enshrine', 'the', 'right', 'to', 'abortion', 'in', 'three', 'state', 'constitutions', 'including', 'the', 'crucial', 'state', 'of', 'michigan', 'where', 'a', 'near', 'total', 'ban', 'on', 'abortion', 'from', '1931', 'has', 'been', 'tangled', 'up', 'in', 'court', 'battles', 'for', 'months', 'https', 't', 'co', '19gwxqy83f']","['abortion', 'rights', 'supporters', 'managed', 'enshrine', 'right', 'abortion', 'three', 'state', 'constitutions', 'including', 'crucial', 'state', 'michigan', 'near', 'total', 'ban', 'abortion', '1931', 'tangled', 'court', 'battles', 'months', '19gwxqy83f']",abortion rights supporters managed enshrine right abortion three state constitutions including crucial state michigan near total ban abortion 1931 tangled court battles months 19gwxqy83f,abortion rights supporters managed enshrine right abortion three state constitutions including crucial state michigan near total ban abortion 1931 tangled court battles months 19gwxqy83f
66,"the best nfl receivers, according to espn analytics: https://t.co/hqcacdzjzv",2022-11-10 16:00:58+00:00,"['the', 'best', 'nfl', 'receivers', 'according', 'to', 'espn', 'analytics', 'https', 't', 'co', 'hqcacdzjzv']","['best', 'nfl', 'receivers', 'according', 'espn', 'analytics', 'hqcacdzjzv']",best nfl receivers according espn analytics hqcacdzjzv,best nfl receivers according espn analytics hqcacdzjzv
67,"our updating calculation of the president's approval rating accounts for each poll's quality, recency, sample size and partisan lean. https://t.co/gre7ar2i3y",2022-11-10 15:27:08+00:00,"['our', 'updating', 'calculation', 'of', 'the', 'president', 's', 'approval', 'rating', 'accounts', 'for', 'each', 'poll', 's', 'quality', 'recency', 'sample', 'size', 'and', 'partisan', 'lean', 'https', 't', 'co', 'gre7ar2i3y']","['updating', 'calculation', 'president', 'approval', 'rating', 'accounts', 'poll', 'quality', 'recency', 'sample', 'size', 'partisan', 'lean', 'gre7ar2i3y']",updating calculation president approval rating accounts poll quality recency sample size partisan lean gre7ar2i3y,updating calculation president approval rating accounts poll quality recency sample size partisan lean gre7ar2i3y
68,from @natesilver538: candidate quality mattered. https://t.co/twzmrqeoqc,2022-11-10 15:01:05+00:00,"['from', 'natesilver538', 'candidate', 'quality', 'mattered', 'https', 't', 'co', 'twzmrqeoqc']","['natesilver538', 'candidate', 'quality', 'mattered', 'twzmrqeoqc']",natesilver538 candidate quality mattered twzmrqeoqc,natesilver538 candidate quality mattered twzmrqeoqc
69,can democratic sen. raphael warnock pull off another win in georgia? #gasen https://t.co/8kqvu6hrzs,2022-11-10 14:30:08+00:00,"['can', 'democratic', 'sen', 'raphael', 'warnock', 'pull', 'off', 'another', 'win', 'in', 'georgia', 'gasen', 'https', 't', 'co', '8kqvu6hrzs']","['democratic', 'sen', 'raphael', 'warnock', 'pull', 'another', 'win', 'georgia', 'gasen', '8kqvu6hrzs']",democratic sen raphael warnock pull another win georgia gasen 8kqvu6hrzs,democratic sen raphael warnock pull another win georgia gasen 8kqvu6hrzs
70,the midterm election results look like a striking rebuke of the supreme court's decision to overturn roe v. wade. https://t.co/qystxhmhvj,2022-11-10 13:43:11+00:00,"['the', 'midterm', 'election', 'results', 'look', 'like', 'a', 'striking', 'rebuke', 'of', 'the', 'supreme', 'court', 's', 'decision', 'to', 'overturn', 'roe', 'v', 'wade', 'https', 't', 'co', 'qystxhmhvj']","['midterm', 'election', 'results', 'look', 'like', 'striking', 'rebuke', 'supreme', 'court', 'decision', 'overturn', 'roe', 'v', 'wade', 'qystxhmhvj']",midterm election results look like striking rebuke supreme court decision overturn roe wade qystxhmhvj,midterm election results look like striking rebuke supreme court decision overturn roe wade qystxhmhvj
71,note: candidate quality mattered. https://t.co/arsd1lum8u,2022-11-10 03:45:47+00:00,"['note', 'candidate', 'quality', 'mattered', 'https', 't', 'co', 'arsd1lum8u']","['note', 'candidate', 'quality', 'mattered', 'arsd1lum8u']",note candidate quality mattered arsd1lum8u,note candidate quality mattered arsd1lum8u
72,"earlier, abc news reported that republican zach nunn was projected to win the race for iowa’s 3rd. this is a flip for rs. the incumbent, democratic rep. cindy axne, flipped the seat from red to blue in 2018 but only held onto the seat narrowly in 2020. https://t.co/i2dyq2tik7",2022-11-10 03:44:01+00:00,"['earlier', 'abc', 'news', 'reported', 'that', 'republican', 'zach', 'nunn', 'was', 'projected', 'to', 'win', 'the', 'race', 'for', 'iowa', 's', '3rd', 'this', 'is', 'a', 'flip', 'for', 'rs', 'the', 'incumbent', 'democratic', 'rep', 'cindy', 'axne', 'flipped', 'the', 'seat', 'from', 'red', 'to', 'blue', 'in', '2018', 'but', 'only', 'held', 'onto', 'the', 'seat', 'narrowly', 'in', '2020', 'https', 't', 'co', 'i2dyq2tik7']","['earlier', 'abc', 'news', 'reported', 'republican', 'zach', 'nunn', 'projected', 'win', 'race', 'iowa', '3rd', 'flip', 'rs', 'incumbent', 'democratic', 'rep', 'cindy', 'axne', 'flipped', 'seat', 'red', 'blue', '2018', 'held', 'onto', 'seat', 'narrowly', '2020', 'i2dyq2tik7']",earlier abc news reported republican zach nunn projected win race iowa 3rd flip incumbent democratic rep cindy axne flipped seat red blue 2018 held onto seat narrowly 2020 i2dyq2tik7,earlier abc news reported republican zach nunn projected win race iowa 3rd flip incumbent democratic rep cindy axne flipped seat red blue 2018 held onto seat narrowly 2020 i2dyq2tik7
73,"earlier, we got a new batch of ballots from clark county, nevada — about 14,000 worth — and they were good for democrats. https://t.co/gh6pp8lev4",2022-11-10 03:22:29+00:00,"['earlier', 'we', 'got', 'a', 'new', 'batch', 'of', 'ballots', 'from', 'clark', 'county', 'nevada', 'about', '14', '000', 'worth', 'and', 'they', 'were', 'good', 'for', 'democrats', 'https', 't', 'co', 'gh6pp8lev4']","['earlier', 'got', 'new', 'batch', 'ballots', 'clark', 'county', 'nevada', '14', '000', 'worth', 'good', 'democrats', 'gh6pp8lev4']",earlier got new batch ballots clark county nevada 000 worth good democrats gh6pp8lev4,earlier got new batch ballots clark county nevada 000 worth good democrats gh6pp8lev4
74,what to expect from georgia’s senate runoff: https://t.co/owiljfrasb,2022-11-10 03:16:18+00:00,"['what', 'to', 'expect', 'from', 'georgia', 's', 'senate', 'runoff', 'https', 't', 'co', 'owiljfrasb']","['expect', 'georgia', 'senate', 'runoff', 'owiljfrasb']",expect georgia senate runoff owiljfrasb,expect georgia senate runoff owiljfrasb
75,"we just got a new batch of about 60,000 votes added to maricopa’s total, which was slightly democratic-leaning. https://t.co/xukbbfj1eo",2022-11-10 03:11:03+00:00,"['we', 'just', 'got', 'a', 'new', 'batch', 'of', 'about', '60', '000', 'votes', 'added', 'to', 'maricopa', 's', 'total', 'which', 'was', 'slightly', 'democratic', 'leaning', 'https', 't', 'co', 'xukbbfj1eo']","['got', 'new', 'batch', '60', '000', 'votes', 'added', 'maricopa', 'total', 'slightly', 'democratic', 'leaning', 'xukbbfj1eo']",got new batch 000 votes added maricopa total slightly democratic leaning xukbbfj1eo,got new batch 000 votes added maricopa total slightly democratic leaning xukbbfj1eo
76,"if you’re just rejoining us, here’s where things stand in the senate and house. tl;dr: we still don’t know which party will control either one. https://t.co/np3yzeq7nc",2022-11-10 03:09:07+00:00,"['if', 'you', 're', 'just', 'rejoining', 'us', 'here', 's', 'where', 'things', 'stand', 'in', 'the', 'senate', 'and', 'house', 'tl', 'dr', 'we', 'still', 'don', 't', 'know', 'which', 'party', 'will', 'control', 'either', 'one', 'https', 't', 'co', 'np3yzeq7nc']","['rejoining', 'us', 'things', 'stand', 'senate', 'house', 'tl', 'dr', 'still', 'know', 'party', 'control', 'either', 'one', 'np3yzeq7nc']",rejoining things stand senate house still know party control either one np3yzeq7nc,rejoining things stand senate house still know party control either one np3yzeq7nc
77,latest election analysis: https://t.co/bterukw9oe,2022-11-10 01:55:26+00:00,"['latest', 'election', 'analysis', 'https', 't', 'co', 'bterukw9oe']","['latest', 'election', 'analysis', 'bterukw9oe']",latest election analysis bterukw9oe,latest election analysis bterukw9oe
78,runoffs are sort of georgia’s thing now. https://t.co/mphg0cjo8s,2022-11-09 20:39:41+00:00,"['runoffs', 'are', 'sort', 'of', 'georgia', 's', 'thing', 'now', 'https', 't', 'co', 'mphg0cjo8s']","['runoffs', 'sort', 'georgia', 'thing', 'mphg0cjo8s']",runoffs sort georgia thing mphg0cjo8s,runoffs sort georgia thing mphg0cjo8s
79,abortion rights won up and down the ballot on election night. https://t.co/hqgmzsbenj,2022-11-09 20:10:44+00:00,"['abortion', 'rights', 'won', 'up', 'and', 'down', 'the', 'ballot', 'on', 'election', 'night', 'https', 't', 'co', 'hqgmzsbenj']","['abortion', 'rights', 'ballot', 'election', 'night', 'hqgmzsbenj']",abortion rights ballot election night hqgmzsbenj,abortion rights ballot election night hqgmzsbenj
80,latest election results --&gt; https://t.co/1cypmdzwba,2022-11-09 19:57:05+00:00,"['latest', 'election', 'results', 'gt', 'https', 't', 'co', '1cypmdzwba']","['latest', 'election', 'results', 'gt', '1cypmdzwba']",latest election results 1cypmdzwba,latest election results 1cypmdzwba
81,"there’s still no call for either chamber of congress, but we’ve seen a few seats change hands already. https://t.co/bterukw9oe",2022-11-09 19:47:45+00:00,"['there', 's', 'still', 'no', 'call', 'for', 'either', 'chamber', 'of', 'congress', 'but', 'we', 've', 'seen', 'a', 'few', 'seats', 'change', 'hands', 'already', 'https', 't', 'co', 'bterukw9oe']","['still', 'call', 'either', 'chamber', 'congress', 'seen', 'seats', 'change', 'hands', 'already', 'bterukw9oe']",still call either chamber congress seen seats change hands already bterukw9oe,still call either chamber congress seen seats change hands already bterukw9oe
82,here’s a quick rundown of how california ballot measures have fared at the polls: https://t.co/fjjhlglei4,2022-11-09 19:45:34+00:00,"['here', 's', 'a', 'quick', 'rundown', 'of', 'how', 'california', 'ballot', 'measures', 'have', 'fared', 'at', 'the', 'polls', 'https', 't', 'co', 'fjjhlglei4']","['quick', 'rundown', 'california', 'ballot', 'measures', 'fared', 'polls', 'fjjhlglei4']",quick rundown california ballot measures fared polls fjjhlglei4,quick rundown california ballot measures fared polls fjjhlglei4
83,the state of the race for the house so far: https://t.co/b8kom1mdbm,2022-11-09 19:43:53+00:00,"['the', 'state', 'of', 'the', 'race', 'for', 'the', 'house', 'so', 'far', 'https', 't', 'co', 'b8kom1mdbm']","['state', 'race', 'house', 'far', 'b8kom1mdbm']",state race house far b8kom1mdbm,state race house far b8kom1mdbm
84,abortion rights are reshaping american politics. https://t.co/frpmtgldya,2022-11-09 18:41:04+00:00,"['abortion', 'rights', 'are', 'reshaping', 'american', 'politics', 'https', 't', 'co', 'frpmtgldya']","['abortion', 'rights', 'reshaping', 'american', 'politics', 'frpmtgldya']",abortion rights reshaping american politics frpmtgldya,abortion rights reshaping american politics frpmtgldya
85,"michigan republicans had a tough night, having lost every statewide and swing-seat race in the 3rd, 7th and 8th districts. but it looks like they have picked up a seat previously held by democrats in suburban and exurban detroit. https://t.co/pjorwflozs",2022-11-09 18:39:13+00:00,"['michigan', 'republicans', 'had', 'a', 'tough', 'night', 'having', 'lost', 'every', 'statewide', 'and', 'swing', 'seat', 'race', 'in', 'the', '3rd', '7th', 'and', '8th', 'districts', 'but', 'it', 'looks', 'like', 'they', 'have', 'picked', 'up', 'a', 'seat', 'previously', 'held', 'by', 'democrats', 'in', 'suburban', 'and', 'exurban', 'detroit', 'https', 't', 'co', 'pjorwflozs']","['michigan', 'republicans', 'tough', 'night', 'lost', 'every', 'statewide', 'swing', 'seat', 'race', '3rd', '7th', '8th', 'districts', 'looks', 'like', 'picked', 'seat', 'previously', 'held', 'democrats', 'suburban', 'exurban', 'detroit', 'pjorwflozs']",michigan republicans tough night lost every statewide swing seat race 3rd 7th 8th districts looks like picked seat previously held democrats suburban exurban detroit pjorwflozs,michigan republicans tough night lost every statewide swing seat race 3rd 7th 8th districts looks like picked seat previously held democrats suburban exurban detroit pjorwflozs
86,"so far in the house, 10 seats have flipped, netting +8 seats for republicans. the gop needed to flip only five seats to win the chamber, which they’ve cleared for now — but nothing’s guaranteed until they reach 218 seats. https://t.co/sta8rwarfv",2022-11-09 18:23:39+00:00,"['so', 'far', 'in', 'the', 'house', '10', 'seats', 'have', 'flipped', 'netting', '8', 'seats', 'for', 'republicans', 'the', 'gop', 'needed', 'to', 'flip', 'only', 'five', 'seats', 'to', 'win', 'the', 'chamber', 'which', 'they', 've', 'cleared', 'for', 'now', 'but', 'nothing', 's', 'guaranteed', 'until', 'they', 'reach', '218', 'seats', 'https', 't', 'co', 'sta8rwarfv']","['far', 'house', '10', 'seats', 'flipped', 'netting', '8', 'seats', 'republicans', 'gop', 'needed', 'flip', 'five', 'seats', 'win', 'chamber', 'cleared', 'nothing', 'guaranteed', 'reach', '218', 'seats', 'sta8rwarfv']",far house seats flipped netting seats republicans gop needed flip five seats win chamber cleared nothing guaranteed reach 218 seats sta8rwarfv,far house seats flipped netting seats republicans gop needed flip five seats win chamber cleared nothing guaranteed reach 218 seats sta8rwarfv
87,model talk! https://t.co/iclfjznibx https://t.co/upylwhxub9,2022-11-09 18:21:11+00:00,"['model', 'talk', 'https', 't', 'co', 'iclfjznibx', 'https', 't', 'co', 'upylwhxub9']","['model', 'talk', 'iclfjznibx', 'upylwhxub9']",model talk iclfjznibx upylwhxub9,model talk iclfjznibx upylwhxub9
88,votes are still rolling in. https://t.co/bjqd0sn7of,2022-11-09 18:14:44+00:00,"['votes', 'are', 'still', 'rolling', 'in', 'https', 't', 'co', 'bjqd0sn7of']","['votes', 'still', 'rolling', 'bjqd0sn7of']",votes still rolling bjqd0sn7of,votes still rolling bjqd0sn7of
89,republicans are now eight seats away from reaching the majority in the house. there are nine seats that fivethirtyeight forecasted as “lean or likely” republican that remain uncalled. #election2022 https://t.co/lm7rg0tpjb,2022-11-09 17:50:33+00:00,"['republicans', 'are', 'now', 'eight', 'seats', 'away', 'from', 'reaching', 'the', 'majority', 'in', 'the', 'house', 'there', 'are', 'nine', 'seats', 'that', 'fivethirtyeight', 'forecasted', 'as', 'lean', 'or', 'likely', 'republican', 'that', 'remain', 'uncalled', 'election2022', 'https', 't', 'co', 'lm7rg0tpjb']","['republicans', 'eight', 'seats', 'away', 'reaching', 'majority', 'house', 'nine', 'seats', 'fivethirtyeight', 'forecasted', 'lean', 'likely', 'republican', 'remain', 'uncalled', 'election2022', 'lm7rg0tpjb']",republicans eight seats away reaching majority house nine seats fivethirtyeight forecasted lean likely republican remain uncalled election2022 lm7rg0tpjb,republicans eight seats away reaching majority house nine seats fivethirtyeight forecasted lean likely republican remain uncalled election2022 lm7rg0tpjb
90,.@abc reports that the georgia senate race is projected to go to a runoff between republican herschel walker and democratic sen. raphael warnock. #election2022 #gasen https://t.co/cawes1d5lb,2022-11-09 17:41:20+00:00,"['abc', 'reports', 'that', 'the', 'georgia', 'senate', 'race', 'is', 'projected', 'to', 'go', 'to', 'a', 'runoff', 'between', 'republican', 'herschel', 'walker', 'and', 'democratic', 'sen', 'raphael', 'warnock', 'election2022', 'gasen', 'https', 't', 'co', 'cawes1d5lb']","['abc', 'reports', 'georgia', 'senate', 'race', 'projected', 'go', 'runoff', 'republican', 'herschel', 'walker', 'democratic', 'sen', 'raphael', 'warnock', 'election2022', 'gasen', 'cawes1d5lb']",abc reports georgia senate race projected runoff republican herschel walker democratic sen raphael warnock election2022 gasen cawes1d5lb,abc reports georgia senate race projected runoff republican herschel walker democratic sen raphael warnock election2022 gasen cawes1d5lb
91,refusing a bench role ended allen iverson’s career. can accepting one save russell westbrook’s? https://t.co/ktf9itxyd3,2022-11-09 16:57:04+00:00,"['refusing', 'a', 'bench', 'role', 'ended', 'allen', 'iverson', 's', 'career', 'can', 'accepting', 'one', 'save', 'russell', 'westbrook', 's', 'https', 't', 'co', 'ktf9itxyd3']","['refusing', 'bench', 'role', 'ended', 'allen', 'iverson', 'career', 'accepting', 'one', 'save', 'russell', 'westbrook', 'ktf9itxyd3']",refusing bench role ended allen iverson career accepting one save russell westbrook ktf9itxyd3,refusing bench role ended allen iverson career accepting one save russell westbrook ktf9itxyd3
92,we're not done live-blogging #election2022 just yet. follow along as results keep coming in: https://t.co/k45pmrtkch,2022-11-09 16:02:03+00:00,"['we', 're', 'not', 'done', 'live', 'blogging', 'election2022', 'just', 'yet', 'follow', 'along', 'as', 'results', 'keep', 'coming', 'in', 'https', 't', 'co', 'k45pmrtkch']","['done', 'live', 'blogging', 'election2022', 'yet', 'follow', 'along', 'results', 'keep', 'coming', 'k45pmrtkch']",done live blogging election2022 yet follow along results keep coming k45pmrtkch,done live blogging election2022 yet follow along results keep coming k45pmrtkch
93,"in georgia’s governor race, gov. brian kemp ended up beating stacey abrams by outperforming his benchmarks in almost all counties across the whole state. #election2022 https://t.co/gwcwtxm5pj",2022-11-09 15:11:41+00:00,"['in', 'georgia', 's', 'governor', 'race', 'gov', 'brian', 'kemp', 'ended', 'up', 'beating', 'stacey', 'abrams', 'by', 'outperforming', 'his', 'benchmarks', 'in', 'almost', 'all', 'counties', 'across', 'the', 'whole', 'state', 'election2022', 'https', 't', 'co', 'gwcwtxm5pj']","['georgia', 'governor', 'race', 'gov', 'brian', 'kemp', 'ended', 'beating', 'stacey', 'abrams', 'outperforming', 'benchmarks', 'almost', 'counties', 'across', 'whole', 'state', 'election2022', 'gwcwtxm5pj']",georgia governor race gov brian kemp ended beating stacey abrams outperforming benchmarks almost counties across whole state election2022 gwcwtxm5pj,georgia governor race gov brian kemp ended beating stacey abrams outperforming benchmarks almost counties across whole state election2022 gwcwtxm5pj
94,we’re still live-blogging because we still don’t know which party will control the senate or house next year. follow along: https://t.co/t4h1byivpi,2022-11-09 14:21:34+00:00,"['we', 're', 'still', 'live', 'blogging', 'because', 'we', 'still', 'don', 't', 'know', 'which', 'party', 'will', 'control', 'the', 'senate', 'or', 'house', 'next', 'year', 'follow', 'along', 'https', 't', 'co', 't4h1byivpi']","['still', 'live', 'blogging', 'still', 'know', 'party', 'control', 'senate', 'house', 'next', 'year', 'follow', 'along', 't4h1byivpi']",still live blogging still know party control senate house next year follow along t4h1byivpi,still live blogging still know party control senate house next year follow along t4h1byivpi
95,the ultimate impact of this election could hinge a lot on yet-to-be-decided u.s. senate races. https://t.co/gnybg5sjcv,2022-11-09 13:44:23+00:00,"['the', 'ultimate', 'impact', 'of', 'this', 'election', 'could', 'hinge', 'a', 'lot', 'on', 'yet', 'to', 'be', 'decided', 'u', 's', 'senate', 'races', 'https', 't', 'co', 'gnybg5sjcv']","['ultimate', 'impact', 'election', 'could', 'hinge', 'lot', 'yet', 'decided', 'u', 'senate', 'races', 'gnybg5sjcv']",ultimate impact election could hinge lot yet decided senate races gnybg5sjcv,ultimate impact election could hinge lot yet decided senate races gnybg5sjcv
96,"races for governor were a mixed bag for each party. but democrats did manage two meaningful seat flips, and the outcomes of some major races are still uncertain. #election2022 https://t.co/p81wtxakb2",2022-11-09 13:30:45+00:00,"['races', 'for', 'governor', 'were', 'a', 'mixed', 'bag', 'for', 'each', 'party', 'but', 'democrats', 'did', 'manage', 'two', 'meaningful', 'seat', 'flips', 'and', 'the', 'outcomes', 'of', 'some', 'major', 'races', 'are', 'still', 'uncertain', 'election2022', 'https', 't', 'co', 'p81wtxakb2']","['races', 'governor', 'mixed', 'bag', 'party', 'democrats', 'manage', 'two', 'meaningful', 'seat', 'flips', 'outcomes', 'major', 'races', 'still', 'uncertain', 'election2022', 'p81wtxakb2']",races governor mixed bag party democrats manage two meaningful seat flips outcomes major races still uncertain election2022 p81wtxakb2,races governor mixed bag party democrats manage two meaningful seat flips outcomes major races still uncertain election2022 p81wtxakb2
97,redrawing of political maps has played a big role in which house districts have flipped parties so far during these midterms. https://t.co/foo2btw4ag,2022-11-09 13:16:38+00:00,"['redrawing', 'of', 'political', 'maps', 'has', 'played', 'a', 'big', 'role', 'in', 'which', 'house', 'districts', 'have', 'flipped', 'parties', 'so', 'far', 'during', 'these', 'midterms', 'https', 't', 'co', 'foo2btw4ag']","['redrawing', 'political', 'maps', 'played', 'big', 'role', 'house', 'districts', 'flipped', 'parties', 'far', 'midterms', 'foo2btw4ag']",redrawing political maps played big role house districts flipped parties far midterms foo2btw4ag,redrawing political maps played big role house districts flipped parties far midterms foo2btw4ag
98,"overnight, democrats won control of both the michigan state senate and michigan state house. democrats will now have full control of michigan state government. #election2022 https://t.co/n6loip51ne",2022-11-09 12:26:45+00:00,"['overnight', 'democrats', 'won', 'control', 'of', 'both', 'the', 'michigan', 'state', 'senate', 'and', 'michigan', 'state', 'house', 'democrats', 'will', 'now', 'have', 'full', 'control', 'of', 'michigan', 'state', 'government', 'election2022', 'https', 't', 'co', 'n6loip51ne']","['overnight', 'democrats', 'control', 'michigan', 'state', 'senate', 'michigan', 'state', 'house', 'democrats', 'full', 'control', 'michigan', 'state', 'government', 'election2022', 'n6loip51ne']",overnight democrats control michigan state senate michigan state house democrats full control michigan state government election2022 n6loip51ne,overnight democrats control michigan state senate michigan state house democrats full control michigan state government election2022 n6loip51ne
99,that we don’t have a final projection for the house suggests it was a fairly good night for democrats. https://t.co/ilp9a5hhxc,2022-11-09 10:26:07+00:00,"['that', 'we', 'don', 't', 'have', 'a', 'final', 'projection', 'for', 'the', 'house', 'suggests', 'it', 'was', 'a', 'fairly', 'good', 'night', 'for', 'democrats', 'https', 't', 'co', 'ilp9a5hhxc']","['final', 'projection', 'house', 'suggests', 'fairly', 'good', 'night', 'democrats', 'ilp9a5hhxc']",final projection house suggests fairly good night democrats ilp9a5hhxc,final projection house suggests fairly good night democrats ilp9a5hhxc
